0.000000;-5.076323e-01
0.010000;-6.303211e-01
0.020000;-7.035919e-01
0.030000;-7.451884e-01
0.040000;-7.731175e-01
0.050000;-7.911029e-01
0.060000;-7.215139e-01
0.070000;-6.804796e-01
0.080000;-6.877385e-01
0.090000;-6.945556e-01
0.100000;-7.796727e-01
0.110000;-8.140106e-01
0.120000;-8.352836e-01
0.130000;-8.109218e-01
0.140000;-7.441290e-01
0.150000;-6.974496e-01
0.160000;-6.918502e-01
0.170000;-6.818118e-01
0.180000;-6.371529e-01
0.190000;-6.070935e-01
0.200000;-5.903797e-01
0.210000;-5.937335e-01
0.220000;-6.223861e-01
0.230000;-6.470648e-01
0.240000;-6.978017e-01
0.250000;-7.559480e-01
0.260000;-8.095328e-01
0.270000;-8.250920e-01
0.280000;-8.425786e-01
0.290000;-8.747346e-01
0.300000;-8.959116e-01
0.310000;-8.900996e-01
0.320000;-8.313873e-01
0.330000;-7.917470e-01
0.340000;-7.990431e-01
0.350000;-8.339708e-01
0.360000;-8.398117e-01
0.370000;-8.386229e-01
0.380000;-8.223591e-01
0.390000;-8.372426e-01
0.400000;-8.633583e-01
0.410000;-9.071822e-01
0.420000;-9.588329e-01
0.430000;-9.707664e-01
0.440000;-9.765150e-01
0.450000;-1.002298e+00
0.460000;-9.951831e-01
0.470000;-9.614274e-01
0.480000;-9.284373e-01
0.490000;-9.070935e-01
0.500000;-8.818828e-01
0.510000;-8.538227e-01
0.520000;-8.917184e-01
0.530000;-9.474643e-01
0.540000;-9.711306e-01
0.550000;-9.848726e-01
0.560000;-9.663045e-01
0.570000;-9.525698e-01
0.580000;-9.383351e-01
0.590000;-9.006152e-01
0.600000;-8.617135e-01
0.610000;-8.557342e-01
0.620000;-8.755146e-01
0.630000;-9.103692e-01
0.640000;-9.238743e-01
0.650000;-9.137840e-01
0.660000;-9.104740e-01
0.670000;-9.462286e-01
0.680000;-9.705731e-01
0.690000;-9.906233e-01
0.700000;-9.545238e-01
0.710000;-9.489495e-01
0.720000;-9.339219e-01
0.730000;-9.109591e-01
0.740000;-9.224122e-01
0.750000;-9.462391e-01
0.760000;-9.469460e-01
0.770000;-9.291580e-01
0.780000;-9.189720e-01
0.790000;-9.266543e-01
0.800000;-9.492438e-01
0.810000;-9.361314e-01
0.820000;-8.739872e-01
0.830000;-7.707770e-01
0.840000;-7.243304e-01
0.850000;-7.621769e-01
0.860000;-8.130597e-01
0.870000;-8.614425e-01
0.880000;-8.816825e-01
0.890000;-9.165156e-01
0.900000;-9.819380e-01
0.910000;-1.012565e+00
0.920000;-9.837338e-01
0.930000;-9.287050e-01
0.940000;-9.012632e-01
0.950000;-8.781207e-01
0.960000;-8.576953e-01
0.970000;-8.637358e-01
0.980000;-8.941994e-01
0.990000;-9.640394e-01
1.000000;-1.005750e+00
1.010000;-1.008064e+00
1.020000;-1.003960e+00
1.030000;-9.848858e-01
1.040000;-9.501548e-01
1.050000;-9.343966e-01
1.060000;-9.548289e-01
1.070000;-9.589338e-01
1.080000;-9.540908e-01
1.090000;-9.499550e-01
1.100000;-9.444200e-01
1.110000;-9.362034e-01
1.120000;-9.329649e-01
1.130000;-9.134123e-01
1.140000;-8.816344e-01
1.150000;-8.525901e-01
1.160000;-7.975119e-01
1.170000;-7.666265e-01
1.180000;-7.609386e-01
1.190000;-7.823897e-01
1.200000;-8.478416e-01
1.210000;-9.228053e-01
1.220000;-9.396628e-01
1.230000;-9.229132e-01
1.240000;-8.800568e-01
1.250000;-9.067045e-01
1.260000;-9.417749e-01
1.270000;-9.589252e-01
1.280000;-9.047365e-01
1.290000;-8.399143e-01
1.300000;-8.398150e-01
1.310000;-8.541616e-01
1.320000;-8.785650e-01
1.330000;-9.078208e-01
1.340000;-9.339187e-01
1.350000;-9.103001e-01
1.360000;-8.975219e-01
1.370000;-9.216521e-01
1.380000;-9.515300e-01
1.390000;-9.583914e-01
1.400000;-9.343818e-01
1.410000;-9.444221e-01
1.420000;-9.640298e-01
1.430000;-9.891511e-01
1.440000;-9.589840e-01
1.450000;-9.146489e-01
1.460000;-9.258298e-01
1.470000;-9.667811e-01
1.480000;-9.668856e-01
1.490000;-9.298180e-01
1.500000;-8.638859e-01
1.510000;-8.022688e-01
1.520000;-7.799147e-01
1.530000;-8.038663e-01
1.540000;-8.290027e-01
1.550000;-8.498629e-01
1.560000;-8.766513e-01
1.570000;-9.212527e-01
1.580000;-9.015326e-01
1.590000;-8.622302e-01
1.600000;-8.745366e-01
1.610000;-9.030222e-01
1.620000;-8.882983e-01
1.630000;-8.120764e-01
1.640000;-7.305560e-01
1.650000;-6.913766e-01
1.660000;-6.985111e-01
1.670000;-7.499864e-01
1.680000;-7.948976e-01
1.690000;-8.191757e-01
1.700000;-8.539432e-01
1.710000;-8.638250e-01
1.720000;-8.476454e-01
1.730000;-8.420161e-01
1.740000;-8.732556e-01
1.750000;-9.158083e-01
1.760000;-9.130755e-01
1.770000;-8.594455e-01
1.780000;-8.268564e-01
1.790000;-7.679082e-01
1.800000;-7.622608e-01
1.810000;-8.024360e-01
1.820000;-8.585845e-01
1.830000;-9.024411e-01
1.840000;-8.953054e-01
1.850000;-8.576274e-01
1.860000;-8.343211e-01
1.870000;-8.649290e-01
1.880000;-8.802667e-01
1.890000;-8.510498e-01
1.900000;-8.381660e-01
1.910000;-8.393758e-01
1.920000;-8.404351e-01
1.930000;-8.119933e-01
1.940000;-7.812204e-01
1.950000;-7.826997e-01
1.960000;-7.821847e-01
1.970000;-8.077945e-01
1.980000;-8.518227e-01
1.990000;-8.657223e-01
2.000000;-8.611724e-01
2.010000;-9.007433e-01
2.020000;-8.845648e-01
2.030000;-8.793217e-01
2.040000;-9.273080e-01
2.050000;-9.529620e-01
2.060000;-9.648866e-01
2.070000;-9.723427e-01
2.080000;-9.680561e-01
2.090000;-9.539050e-01
2.100000;-9.640996e-01
2.110000;-9.688852e-01
2.120000;-9.539423e-01
2.130000;-9.372571e-01
2.140000;-9.267948e-01
2.150000;-9.044204e-01
2.160000;-9.143699e-01
2.170000;-9.104143e-01
2.180000;-8.275958e-01
2.190000;-6.608495e-01
2.200000;-4.104677e-01
2.210000;-2.379922e-01
2.220000;-2.867345e-01
2.230000;-3.253846e-01
2.240000;-3.022506e-01
2.250000;-2.283734e-01
2.260000;-8.578040e-02
2.270000;4.407388e-02
2.280000;1.260170e-01
2.290000;1.524291e-01
2.300000;1.122400e-01
2.310000;7.894191e-03
2.320000;-5.901401e-02
2.330000;-8.722848e-02
2.340000;-1.081436e-01
2.350000;-1.293540e-01
2.360000;-1.182562e-01
2.370000;-8.259543e-02
2.380000;-4.360786e-02
2.390000;-4.206121e-02
2.400000;-5.913747e-02
2.410000;-5.030433e-02
2.420000;-4.492946e-02
2.430000;-1.184142e-02
2.440000;1.856903e-02
2.450000;3.854676e-02
2.460000;1.119569e-01
2.470000;1.913088e-01
2.480000;1.855325e-01
2.490000;1.274494e-01
2.500000;6.097557e-02
2.510000;2.627977e-02
2.520000;3.027588e-02
2.530000;2.126405e-02
2.540000;2.022772e-02
2.550000;-5.583322e-03
2.560000;-1.395771e-03
2.570000;6.138278e-02
2.580000;1.289923e-01
2.590000;9.819862e-02
2.600000;-1.429396e-02
2.610000;-1.103571e-01
2.620000;-1.463924e-01
2.630000;-1.415939e-01
2.640000;-1.331912e-01
2.650000;-8.005293e-02
2.660000;-2.412435e-02
2.670000;1.115672e-03
2.680000;2.952527e-03
2.690000;-8.805507e-02
2.700000;-2.351727e-01
2.710000;-4.154050e-01
2.720000;-5.104749e-01
2.730000;-5.157731e-01
2.740000;-4.925651e-01
2.750000;-4.925622e-01
2.760000;-5.347252e-01
2.770000;-5.982639e-01
2.780000;-6.243218e-01
2.790000;-6.425393e-01
2.800000;-6.818411e-01
2.810000;-7.263156e-01
2.820000;-7.493487e-01
2.830000;-7.342994e-01
2.840000;-6.895998e-01
2.850000;-6.681092e-01
2.860000;-6.769400e-01
2.870000;-6.939967e-01
2.880000;-6.982438e-01
2.890000;-6.909648e-01
2.900000;-6.772894e-01
2.910000;-6.554888e-01
2.920000;-6.187894e-01
2.930000;-5.388147e-01
2.940000;-5.423545e-01
2.950000;-5.392208e-01
2.960000;-5.731138e-01
2.970000;-6.220095e-01
2.980000;-6.993497e-01
2.990000;-7.417072e-01
3.000000;-7.321269e-01
3.010000;-7.125277e-01
3.020000;-7.186643e-01
3.030000;-6.942133e-01
3.040000;-7.228490e-01
3.050000;-7.580792e-01
3.060000;-7.239254e-01
3.070000;-7.020936e-01
3.080000;-6.859807e-01
3.090000;-6.714872e-01
3.100000;-6.727377e-01
3.110000;-6.782003e-01
3.120000;-6.602502e-01
3.130000;-6.666983e-01
3.140000;-6.878444e-01
3.150000;-6.995822e-01
3.160000;-7.165553e-01
3.170000;-7.578804e-01
3.180000;-7.975442e-01
3.190000;-7.887905e-01
3.200000;-7.517932e-01
3.210000;-7.677736e-01
3.220000;-7.702713e-01
3.230000;-6.906648e-01
3.240000;-6.710761e-01
3.250000;-7.017234e-01
3.260000;-7.164420e-01
3.270000;-7.123499e-01
3.280000;-7.432352e-01
3.290000;-7.764378e-01
3.300000;-7.985428e-01
3.310000;-8.175191e-01
3.320000;-8.204452e-01
3.330000;-8.058817e-01
3.340000;-7.746516e-01
3.350000;-7.832870e-01
3.360000;-7.743254e-01
3.370000;-7.729558e-01
3.380000;-7.188790e-01
3.390000;-6.876255e-01
3.400000;-6.795810e-01
3.410000;-7.172627e-01
3.420000;-7.397554e-01
3.430000;-7.688566e-01
3.440000;-8.237565e-01
3.450000;-8.061663e-01
3.460000;-7.559940e-01
3.470000;-6.823057e-01
3.480000;-6.402857e-01
3.490000;-6.708800e-01
3.500000;-7.031302e-01
3.510000;-7.353253e-01
3.520000;-7.912433e-01
3.530000;-8.164536e-01
3.540000;-8.292924e-01
3.550000;-8.274406e-01
3.560000;-7.924550e-01
3.570000;-7.612699e-01
3.580000;-7.447571e-01
3.590000;-7.430730e-01
3.600000;-7.402250e-01
3.610000;-7.224274e-01
3.620000;-7.108779e-01
3.630000;-7.063224e-01
3.640000;-7.299267e-01
3.650000;-7.542846e-01
3.660000;-7.694690e-01
3.670000;-8.108053e-01
3.680000;-8.782896e-01
3.690000;-8.842515e-01
3.700000;-8.292622e-01
3.710000;-7.966682e-01
3.720000;-7.712955e-01
3.730000;-7.525072e-01
3.740000;-7.402456e-01
3.750000;-7.125141e-01
3.760000;-7.426226e-01
3.770000;-8.063279e-01
3.780000;-8.194420e-01
3.790000;-8.178506e-01
3.800000;-8.224835e-01
3.810000;-8.272464e-01
3.820000;-8.301760e-01
3.830000;-8.087970e-01
3.840000;-7.689837e-01
3.850000;-7.188466e-01
3.860000;-6.640527e-01
3.870000;-6.028062e-01
3.880000;-5.636188e-01
3.890000;-5.719352e-01
3.900000;-6.447386e-01
3.910000;-6.631237e-01
3.920000;-6.661391e-01
3.930000;-7.164088e-01
3.940000;-7.643682e-01
3.950000;-7.802631e-01
3.960000;-7.958431e-01
3.970000;-8.183315e-01
3.980000;-8.152357e-01
3.990000;-8.134162e-01
4.000000;-8.014102e-01
4.010000;-7.386895e-01
4.020000;-6.874651e-01
4.030000;-7.121586e-01
4.040000;-7.695606e-01
4.050000;-8.077060e-01
4.060000;-8.136607e-01
4.070000;-8.444918e-01
4.080000;-8.384527e-01
4.090000;-8.176192e-01
4.100000;-8.101416e-01
4.110000;-8.332920e-01
4.120000;-8.276650e-01
4.130000;-8.005152e-01
4.140000;-7.938516e-01
4.150000;-8.095448e-01
4.160000;-8.122976e-01
4.170000;-7.815363e-01
4.180000;-7.339197e-01
4.190000;-7.159472e-01
4.200000;-7.237996e-01
4.210000;-7.365690e-01
4.220000;-7.936541e-01
4.230000;-8.212697e-01
4.240000;-8.117815e-01
4.250000;-8.394495e-01
4.260000;-8.531837e-01
4.270000;-8.110580e-01
4.280000;-6.886425e-01
4.290000;-6.400032e-01
4.300000;-7.190188e-01
4.310000;-7.585372e-01
4.320000;-7.084844e-01
4.330000;-6.534590e-01
4.340000;-5.991178e-01
4.350000;-5.960068e-01
4.360000;-6.069400e-01
4.370000;-6.420472e-01
4.380000;-7.022581e-01
4.390000;-7.724180e-01
4.400000;-8.447811e-01
4.410000;-8.735678e-01
4.420000;-8.649631e-01
4.430000;-8.381164e-01
4.440000;-7.896970e-01
4.450000;-7.331330e-01
4.460000;-7.078659e-01
4.470000;-7.180324e-01
4.480000;-7.303278e-01
4.490000;-7.114749e-01
4.500000;-6.582658e-01
4.510000;-6.422536e-01
4.520000;-6.452287e-01
4.530000;-6.640071e-01
4.540000;-6.624799e-01
4.550000;-6.180713e-01
4.560000;-6.130208e-01
4.570000;-6.443406e-01
4.580000;-6.848806e-01
4.590000;-7.437100e-01
4.600000;-8.068127e-01
4.610000;-7.902954e-01
4.620000;-7.199302e-01
4.630000;-6.721143e-01
4.640000;-6.892626e-01
4.650000;-7.229791e-01
4.660000;-7.271664e-01
4.670000;-7.175703e-01
4.680000;-7.173478e-01
4.690000;-7.395248e-01
4.700000;-7.525823e-01
4.710000;-7.420894e-01
4.720000;-7.056957e-01
4.730000;-6.637037e-01
4.740000;-6.666706e-01
4.750000;-6.857294e-01
4.760000;-7.187293e-01
4.770000;-7.446192e-01
4.780000;-7.800536e-01
4.790000;-7.704861e-01
4.800000;-7.418802e-01
4.810000;-6.891919e-01
4.820000;-7.092469e-01
4.830000;-7.465104e-01
4.840000;-7.571400e-01
4.850000;-7.504612e-01
4.860000;-7.901678e-01
4.870000;-8.669128e-01
4.880000;-8.869758e-01
4.890000;-8.651325e-01
4.900000;-8.412251e-01
4.910000;-7.865054e-01
4.920000;-7.048756e-01
4.930000;-5.723336e-01
4.940000;-4.594063e-01
4.950000;-4.449381e-01
4.960000;-4.508654e-01
4.970000;-4.652456e-01
4.980000;-4.787785e-01
4.990000;-5.462931e-01
5.000000;-6.556746e-01
5.010000;-7.661009e-01
5.020000;-7.678450e-01
5.030000;-7.064195e-01
5.040000;-6.995251e-01
5.050000;-7.122300e-01
5.060000;-6.928125e-01
5.070000;-7.103000e-01
5.080000;-7.362087e-01
5.090000;-7.243699e-01
5.100000;-6.683387e-01
5.110000;-6.520999e-01
5.120000;-6.398063e-01
5.130000;-6.259634e-01
5.140000;-6.381305e-01
5.150000;-6.577454e-01
5.160000;-6.301354e-01
5.170000;-5.693015e-01
5.180000;-4.345368e-01
5.190000;-1.899078e-01
5.200000;1.782335e-01
5.210000;4.780571e-01
5.220000;6.332076e-01
5.230000;7.626127e-01
5.240000;9.099739e-01
5.250000;9.631125e-01
5.260000;9.343731e-01
5.270000;9.122386e-01
5.280000;9.057198e-01
5.290000;9.196026e-01
5.300000;8.276106e-01
5.310000;7.324976e-01
5.320000;6.591305e-01
5.330000;6.796272e-01
5.340000;7.193350e-01
5.350000;7.107773e-01
5.360000;7.820559e-01
5.370000;8.606674e-01
5.380000;8.906852e-01
5.390000;9.052940e-01
5.400000;9.446090e-01
5.410000;9.473861e-01
5.420000;8.843155e-01
5.430000;8.720663e-01
5.440000;9.123655e-01
5.450000;9.765947e-01
5.460000;1.064278e+00
5.470000;1.173892e+00
5.480000;1.288585e+00
5.490000;1.343149e+00
5.500000;1.358131e+00
5.510000;1.298371e+00
5.520000;1.197803e+00
5.530000;1.119292e+00
5.540000;1.076135e+00
5.550000;1.095871e+00
5.560000;1.106023e+00
5.570000;1.132730e+00
5.580000;1.179873e+00
5.590000;1.189595e+00
5.600000;1.195414e+00
5.610000;1.196100e+00
5.620000;1.180432e+00
5.630000;1.228987e+00
5.640000;1.338834e+00
5.650000;1.197496e+00
5.660000;1.231276e+00
5.670000;1.170619e+00
5.680000;1.047975e+00
5.690000;9.115961e-01
5.700000;9.029925e-01
5.710000;9.244245e-01
5.720000;9.102109e-01
5.730000;8.857945e-01
5.740000;8.796254e-01
5.750000;8.735231e-01
5.760000;7.353325e-01
5.770000;6.018787e-01
5.780000;5.631700e-01
5.790000;5.108763e-01
5.800000;4.960425e-01
5.810000;7.273552e-01
5.820000;1.006987e+00
5.830000;1.207251e+00
5.840000;1.293000e+00
5.850000;1.240226e+00
5.860000;1.207737e+00
5.870000;1.179360e+00
5.880000;1.105172e+00
5.890000;9.639680e-01
5.900000;9.991180e-01
5.910000;1.029163e+00
5.920000;9.351685e-01
5.930000;9.941124e-01
5.940000;1.052896e+00
5.950000;9.095762e-01
5.960000;8.154104e-01
5.970000;6.974220e-01
5.980000;6.633019e-01
5.990000;7.094924e-01
6.000000;7.065971e-01
6.010000;7.313126e-01
6.020000;6.911055e-01
6.030000;7.872398e-01
6.040000;9.377706e-01
6.050000;1.100117e+00
6.060000;1.289334e+00
6.070000;1.345432e+00
6.080000;1.340152e+00
6.090000;1.320552e+00
6.100000;1.231661e+00
6.110000;1.189872e+00
6.120000;1.207300e+00
6.130000;1.227967e+00
6.140000;1.253852e+00
6.150000;1.239117e+00
6.160000;1.205832e+00
6.170000;1.234345e+00
6.180000;1.226924e+00
6.190000;1.191661e+00
6.200000;1.126432e+00
6.210000;1.098669e+00
6.220000;1.133707e+00
6.230000;1.189197e+00
6.240000;1.237139e+00
6.250000;1.229047e+00
6.260000;1.250079e+00
6.270000;1.265305e+00
6.280000;1.247345e+00
6.290000;1.193725e+00
6.300000;1.122250e+00
6.310000;1.075837e+00
6.320000;1.040522e+00
6.330000;9.790555e-01
6.340000;1.002378e+00
6.350000;1.054847e+00
6.360000;1.105517e+00
6.370000;1.124695e+00
6.380000;1.093410e+00
6.390000;1.025696e+00
6.400000;9.685254e-01
6.410000;9.565237e-01
6.420000;9.454391e-01
6.430000;9.390228e-01
6.440000;9.345216e-01
6.450000;9.325839e-01
6.460000;9.174732e-01
6.470000;9.255887e-01
6.480000;9.700258e-01
6.490000;9.727113e-01
6.500000;9.478912e-01
6.510000;9.033028e-01
6.520000;8.679761e-01
6.530000;9.356082e-01
6.540000;1.032407e+00
6.550000;1.075507e+00
6.560000;1.108170e+00
6.570000;1.162134e+00
6.580000;1.165225e+00
6.590000;1.101542e+00
6.600000;1.037935e+00
6.610000;9.941074e-01
6.620000;1.033403e+00
6.630000;1.104459e+00
6.640000;1.124874e+00
6.650000;9.961238e-01
6.660000;9.789198e-01
6.670000;1.106778e+00
6.680000;1.180427e+00
6.690000;1.186581e+00
6.700000;1.186926e+00
6.710000;1.153225e+00
6.720000;1.143186e+00
6.730000;1.174011e+00
6.740000;1.221538e+00
6.750000;1.223147e+00
6.760000;1.136911e+00
6.770000;1.060061e+00
6.780000;1.061873e+00
6.790000;1.122242e+00
6.800000;1.152789e+00
6.810000;1.191852e+00
6.820000;1.191097e+00
6.830000;1.168490e+00
6.840000;1.150428e+00
6.850000;1.130166e+00
6.860000;1.101601e+00
6.870000;1.086304e+00
6.880000;1.095327e+00
6.890000;1.069709e+00
6.900000;1.036104e+00
6.910000;1.009859e+00
6.920000;9.642357e-01
6.930000;8.821639e-01
6.940000;7.716999e-01
6.950000;6.692126e-01
6.960000;6.120450e-01
6.970000;5.402716e-01
6.980000;5.545159e-01
6.990000;6.070004e-01
7.000000;6.303873e-01
7.010000;6.125556e-01
7.020000;6.075513e-01
7.030000;6.900300e-01
7.040000;7.952137e-01
7.050000;7.745003e-01
7.060000;6.768832e-01
7.070000;6.141196e-01
7.080000;5.379053e-01
7.090000;4.582788e-01
7.100000;5.373008e-01
7.110000;6.229174e-01
7.120000;6.216761e-01
7.130000;5.010628e-01
7.140000;5.691991e-01
7.150000;7.802629e-01
7.160000;9.469786e-01
7.170000;1.013782e+00
7.180000;9.298524e-01
7.190000;8.590447e-01
7.200000;8.689119e-01
7.210000;9.348423e-01
7.220000;9.785159e-01
7.230000;9.747100e-01
7.240000;9.838595e-01
7.250000;1.004620e+00
7.260000;1.046497e+00
7.270000;1.122395e+00
7.280000;1.199095e+00
7.290000;1.256230e+00
7.300000;1.239612e+00
7.310000;1.164503e+00
7.320000;1.131931e+00
7.330000;1.108245e+00
7.340000;1.058193e+00
7.350000;1.015128e+00
7.360000;1.013013e+00
7.370000;1.038903e+00
7.380000;1.093972e+00
7.390000;1.109131e+00
7.400000;1.079736e+00
7.410000;1.034429e+00
7.420000;1.003288e+00
7.430000;1.004611e+00
7.440000;1.012488e+00
7.450000;1.018251e+00
7.460000;1.016719e+00
7.470000;1.066543e+00
7.480000;1.118487e+00
7.490000;1.097707e+00
7.500000;9.784677e-01
7.510000;8.242906e-01
7.520000;7.013630e-01
7.530000;6.622918e-01
7.540000;6.460513e-01
7.550000;6.764922e-01
7.560000;6.411469e-01
7.570000;5.957002e-01
7.580000;5.989258e-01
7.590000;6.136732e-01
7.600000;6.359425e-01
7.610000;5.169181e-01
7.620000;3.587351e-01
7.630000;2.294975e-01
7.640000;1.308446e-01
7.650000;6.228170e-02
7.660000;4.620938e-02
7.670000;4.989411e-02
7.680000;9.271784e-03
7.690000;-2.551818e-02
7.700000;-5.630603e-02
7.710000;-1.203595e-01
7.720000;-1.548853e-01
7.730000;-1.571105e-01
7.740000;-1.621462e-01
7.750000;-1.968252e-01
7.760000;-2.213545e-01
7.770000;-2.599995e-01
7.780000;-3.246719e-01
7.790000;-3.746117e-01
7.800000;-3.987871e-01
7.810000;-3.756402e-01
7.820000;-3.942483e-01
7.830000;-4.506874e-01
7.840000;-5.275149e-01
7.850000;-6.006188e-01
7.860000;-6.332070e-01
7.870000;-6.135473e-01
7.880000;-6.037537e-01
7.890000;-5.803643e-01
7.900000;-5.347810e-01
7.910000;-5.032621e-01
7.920000;-4.894353e-01
7.930000;-4.946220e-01
7.940000;-4.962576e-01
7.950000;-4.981640e-01
7.960000;-4.796250e-01
7.970000;-4.386457e-01
7.980000;-4.155297e-01
7.990000;-3.832791e-01
8.000000;-2.208516e-01
8.010000;3.329961e-01
8.020000;7.958728e-01
8.030000;1.075995e+00
8.040000;1.197345e+00
8.050000;1.246782e+00
8.060000;1.242646e+00
8.070000;1.180269e+00
8.080000;1.116439e+00
8.090000;1.040695e+00
8.100000;1.025867e+00
8.110000;1.041696e+00
8.120000;1.025651e+00
8.130000;9.699689e-01
8.140000;8.900548e-01
8.150000;8.348697e-01
8.160000;7.319995e-01
8.170000;6.543006e-01
8.180000;6.090176e-01
8.190000;5.742700e-01
8.200000;5.534707e-01
8.210000;5.061982e-01
8.220000;4.517484e-01
8.230000;5.162269e-01
8.240000;7.907240e-01
8.250000;1.090935e+00
8.260000;1.246390e+00
8.270000;1.296188e+00
8.280000;1.259680e+00
8.290000;1.224520e+00
8.300000;1.186569e+00
8.310000;1.158058e+00
8.320000;1.125196e+00
8.330000;1.094511e+00
8.340000;1.112907e+00
8.350000;1.144498e+00
8.360000;1.171915e+00
8.370000;1.223529e+00
8.380000;1.223913e+00
8.390000;1.200086e+00
8.400000;1.195735e+00
8.410000;1.188388e+00
8.420000;1.188415e+00
8.430000;1.121056e+00
8.440000;1.085600e+00
8.450000;9.959204e-01
8.460000;9.316540e-01
8.470000;9.111217e-01
8.480000;9.111642e-01
8.490000;8.827431e-01
8.500000;8.374358e-01
8.510000;7.033035e-01
8.520000;6.173815e-01
8.530000;8.434935e-01
8.540000;1.094410e+00
8.550000;1.203308e+00
8.560000;1.143527e+00
8.570000;1.091163e+00
8.580000;1.121604e+00
8.590000;1.137951e+00
8.600000;1.093267e+00
8.610000;1.074095e+00
8.620000;1.028881e+00
8.630000;9.840873e-01
8.640000;9.689192e-01
8.650000;1.110678e+00
8.660000;1.193812e+00
8.670000;1.187821e+00
8.680000;1.277793e+00
8.690000;1.348766e+00
8.700000;1.380002e+00
8.710000;1.310515e+00
8.720000;1.230022e+00
8.730000;1.217476e+00
8.740000;1.179988e+00
8.750000;1.122560e+00
8.760000;1.045911e+00
8.770000;1.055300e+00
8.780000;1.200043e+00
8.790000;1.293732e+00
8.800000;1.296104e+00
8.810000;1.267778e+00
8.820000;1.219385e+00
8.830000;1.077677e+00
8.840000;9.732354e-01
8.850000;9.487330e-01
8.860000;9.772542e-01
8.870000;1.059304e+00
8.880000;1.117848e+00
8.890000;1.129508e+00
8.900000;1.094337e+00
8.910000;1.087000e+00
8.920000;1.137749e+00
8.930000;1.165573e+00
8.940000;1.161205e+00
8.950000;1.204701e+00
8.960000;1.282496e+00
8.970000;1.295491e+00
8.980000;1.254471e+00
8.990000;1.247390e+00
9.000000;1.156655e+00
9.010000;1.021677e+00
9.020000;8.707320e-01
9.030000;7.220856e-01
9.040000;6.016859e-01
9.050000;5.491705e-01
9.060000;5.824172e-01
9.070000;6.617699e-01
9.080000;8.497754e-01
9.090000;1.051918e+00
9.100000;1.264161e+00
9.110000;1.337872e+00
9.120000;1.259520e+00
9.130000;1.138801e+00
9.140000;1.112974e+00
9.150000;1.106082e+00
9.160000;1.187001e+00
9.170000;1.253582e+00
9.180000;9.706197e-01
9.190000;5.322102e-01
9.200000;3.789614e-01
9.210000;2.916273e-01
9.220000;5.076857e-01
9.230000;9.856974e-01
9.240000;1.168954e+00
9.250000;1.115909e+00
9.260000;1.081579e+00
9.270000;1.164341e+00
9.280000;1.232777e+00
9.290000;1.209960e+00
9.300000;1.112066e+00
9.310000;1.058287e+00
9.320000;1.100323e+00
9.330000;1.151255e+00
9.340000;1.181454e+00
9.350000;1.158586e+00
9.360000;1.081187e+00
9.370000;1.109240e+00
9.380000;1.202371e+00
9.390000;1.133775e+00
9.400000;1.100913e+00
9.410000;1.114865e+00
9.420000;1.093072e+00
9.430000;1.035494e+00
9.440000;1.057511e+00
9.450000;1.150889e+00
9.460000;1.210182e+00
9.470000;1.176104e+00
9.480000;1.162351e+00
9.490000;1.230003e+00
9.500000;1.154202e+00
9.510000;1.092975e+00
9.520000;1.017625e+00
9.530000;9.771991e-01
9.540000;9.252248e-01
9.550000;8.793504e-01
9.560000;7.942762e-01
9.570000;8.045143e-01
9.580000;9.180476e-01
9.590000;8.905345e-01
9.600000;8.501024e-01
9.610000;9.448243e-01
9.620000;1.090427e+00
9.630000;1.139546e+00
9.640000;1.141189e+00
9.650000;1.167127e+00
9.660000;1.162513e+00
9.670000;1.117375e+00
9.680000;1.077270e+00
9.690000;1.023018e+00
9.700000;1.042967e+00
9.710000;1.065102e+00
9.720000;1.131977e+00
9.730000;1.230589e+00
9.740000;1.246528e+00
9.750000;1.186406e+00
9.760000;1.120864e+00
9.770000;1.063565e+00
9.780000;9.855583e-01
9.790000;8.008128e-01
9.800000;6.611719e-01
9.810000;5.999864e-01
9.820000;5.923916e-01
9.830000;5.435582e-01
9.840000;4.755749e-01
9.850000;3.860017e-01
9.860000;3.585578e-01
9.870000;8.205993e-01
9.880000;9.976052e-01
9.890000;9.445857e-01
9.900000;9.486751e-01
9.910000;9.587064e-01
9.920000;8.039674e-01
9.930000;6.201906e-01
9.940000;6.056235e-01
9.950000;6.781628e-01
9.960000;7.724731e-01
9.970000;7.187130e-01
9.980000;6.070203e-01
9.990000;4.766482e-01
10.000000;4.044226e-01
10.010000;3.410191e-01
10.020000;3.137847e-01
10.030000;3.129453e-01
10.040000;2.527988e-01
10.050000;1.509725e-01
10.060000;7.971006e-02
10.070000;5.556491e-02
10.080000;2.720324e-01
10.090000;7.190509e-01
10.100000;9.681377e-01
10.110000;1.069084e+00
10.120000;1.158504e+00
10.130000;1.203714e+00
10.140000;1.216776e+00
10.150000;1.212552e+00
10.160000;1.192160e+00
10.170000;1.175793e+00
10.180000;1.146374e+00
10.190000;1.096745e+00
10.200000;1.001555e+00
10.210000;9.424748e-01
10.220000;9.104745e-01
10.230000;9.544047e-01
10.240000;1.098492e+00
10.250000;1.172662e+00
10.260000;1.114901e+00
10.270000;1.138536e+00
10.280000;1.174712e+00
10.290000;1.202156e+00
10.300000;1.231091e+00
10.310000;1.258688e+00
10.320000;1.254719e+00
10.330000;1.197758e+00
10.340000;1.166066e+00
10.350000;1.159865e+00
10.360000;1.154031e+00
10.370000;1.176581e+00
10.380000;1.223690e+00
10.390000;1.239643e+00
10.400000;1.211860e+00
10.410000;1.189738e+00
10.420000;1.219479e+00
10.430000;1.235434e+00
10.440000;1.073026e+00
10.450000;9.271489e-01
10.460000;8.416952e-01
10.470000;7.540824e-01
10.480000;7.550972e-01
10.490000;7.606146e-01
10.500000;7.173663e-01
10.510000;6.754410e-01
10.520000;6.391391e-01
10.530000;5.828300e-01
10.540000;4.973776e-01
10.550000;3.786586e-01
10.560000;2.974908e-01
10.570000;3.226373e-01
10.580000;4.141343e-01
10.590000;4.906557e-01
10.600000;6.005627e-01
10.610000;7.356504e-01
10.620000;8.212687e-01
10.630000;8.575185e-01
10.640000;8.647165e-01
10.650000;8.087560e-01
10.660000;6.614838e-01
10.670000;5.226315e-01
10.680000;4.133176e-01
10.690000;4.020604e-01
10.700000;4.421197e-01
10.710000;4.501276e-01
10.720000;4.084625e-01
10.730000;3.430410e-01
10.740000;2.954060e-01
10.750000;3.039791e-01
10.760000;3.235377e-01
10.770000;3.563661e-01
10.780000;3.789516e-01
10.790000;4.062138e-01
10.800000;4.377929e-01
10.810000;4.389404e-01
10.820000;3.891947e-01
10.830000;3.323995e-01
10.840000;2.927513e-01
10.850000;2.789372e-01
10.860000;2.628376e-01
10.870000;2.544402e-01
10.880000;2.610690e-01
10.890000;2.700070e-01
10.900000;2.864111e-01
10.910000;3.211617e-01
10.920000;3.772111e-01
10.930000;4.148347e-01
10.940000;3.909912e-01
10.950000;3.747309e-01
10.960000;3.675748e-01
10.970000;3.895353e-01
10.980000;4.115241e-01
10.990000;3.914350e-01
11.000000;3.151209e-01
11.010000;2.339344e-01
11.020000;1.998190e-01
11.030000;1.858678e-01
11.040000;1.710071e-01
11.050000;1.258423e-01
11.060000;4.472287e-02
11.070000;2.783618e-02
11.080000;3.466269e-02
11.090000;3.844833e-02
11.100000;5.121971e-02
11.110000;8.163472e-02
11.120000;1.015969e-01
11.130000;1.270984e-01
11.140000;1.565608e-01
11.150000;1.787379e-01
11.160000;1.463632e-01
11.170000;9.699325e-02
11.180000;3.964106e-02
11.190000;1.765143e-02
11.200000;2.698144e-02
11.210000;4.700768e-02
11.220000;-7.907717e-03
11.230000;-9.690503e-02
11.240000;-1.467998e-01
11.250000;-1.683817e-01
11.260000;-2.271016e-01
11.270000;-2.560588e-01
11.280000;-2.029805e-01
11.290000;-6.931805e-03
11.300000;2.529249e-01
11.310000;5.351930e-01
11.320000;7.773501e-01
11.330000;9.202988e-01
11.340000;9.527437e-01
11.350000;9.647133e-01
11.360000;9.988616e-01
11.370000;1.025684e+00
11.380000;1.062900e+00
11.390000;1.081960e+00
11.400000;1.095039e+00
11.410000;1.070048e+00
11.420000;1.044641e+00
11.430000;1.040752e+00
11.440000;1.002835e+00
11.450000;9.401537e-01
11.460000;8.829345e-01
11.470000;8.615948e-01
11.480000;8.706878e-01
11.490000;8.835583e-01
11.500000;8.648208e-01
11.510000;8.215373e-01
11.520000;7.626157e-01
11.530000;7.099883e-01
11.540000;6.784143e-01
11.550000;6.567284e-01
11.560000;5.889505e-01
11.570000;5.218127e-01
11.580000;4.461258e-01
11.590000;3.279209e-01
11.600000;2.046631e-01
11.610000;8.486247e-02
11.620000;-1.650520e-02
11.630000;-1.001324e-01
11.640000;-1.673742e-01
11.650000;-2.365266e-01
11.660000;-2.497771e-01
11.670000;-2.521270e-01
11.680000;-3.021727e-01
11.690000;-3.359690e-01
11.700000;-3.196492e-01
11.710000;-2.993768e-01
11.720000;-2.880788e-01
11.730000;-3.092318e-01
11.740000;-3.584974e-01
11.750000;-4.038728e-01
11.760000;-4.245365e-01
11.770000;-4.680402e-01
11.780000;-5.163875e-01
11.790000;-5.431216e-01
11.800000;-5.327930e-01
11.810000;-4.484992e-01
11.820000;-3.804988e-01
11.830000;-3.823105e-01
11.840000;-4.728599e-01
11.850000;-5.334134e-01
11.860000;-5.553215e-01
11.870000;-5.217092e-01
11.880000;-3.947805e-01
11.890000;-2.554866e-01
11.900000;-2.080137e-01
11.910000;-1.053611e-01
11.920000;-1.204257e-02
11.930000;1.349086e-02
11.940000;1.737060e-02
11.950000;-5.377232e-02
11.960000;-9.756126e-02
11.970000;-1.874075e-01
11.980000;-3.551671e-01
11.990000;-5.109403e-01
12.000000;-6.157098e-01
12.010000;-6.810574e-01
12.020000;-7.131389e-01
12.030000;-7.266430e-01
12.040000;-7.419567e-01
12.050000;-7.364218e-01
12.060000;-7.230943e-01
12.070000;-7.191219e-01
12.080000;-6.643904e-01
12.090000;-6.405541e-01
12.100000;-6.879835e-01
12.110000;-7.583865e-01
12.120000;-7.598790e-01
12.130000;-7.534930e-01
12.140000;-7.569849e-01
12.150000;-7.595397e-01
12.160000;-7.558734e-01
12.170000;-6.477233e-01
12.180000;-4.221036e-01
12.190000;-2.845255e-01
12.200000;-2.867272e-01
12.210000;-3.188138e-01
12.220000;-3.000624e-01
12.230000;-2.511550e-01
12.240000;-5.418388e-02
12.250000;2.412224e-01
12.260000;3.330695e-01
12.270000;3.405844e-01
12.280000;4.794870e-01
12.290000;5.329129e-01
12.300000;5.134701e-01
12.310000;5.504475e-01
12.320000;6.194472e-01
12.330000;8.207636e-01
12.340000;9.831344e-01
12.350000;1.023754e+00
12.360000;1.068160e+00
12.370000;1.147931e+00
12.380000;1.174610e+00
12.390000;1.077223e+00
12.400000;1.015658e+00
12.410000;9.244115e-01
12.420000;8.200434e-01
12.430000;6.988655e-01
12.440000;5.903453e-01
12.450000;6.255573e-01
12.460000;7.735325e-01
12.470000;8.832311e-01
12.480000;9.260582e-01
12.490000;9.105493e-01
12.500000;8.507366e-01
12.510000;8.005050e-01
12.520000;8.157494e-01
12.530000;8.110088e-01
12.540000;8.823869e-01
12.550000;9.597412e-01
12.560000;9.418797e-01
12.570000;8.921230e-01
12.580000;8.822550e-01
12.590000;9.065945e-01
12.600000;1.052192e+00
12.610000;1.231666e+00
12.620000;1.259636e+00
12.630000;1.201184e+00
12.640000;1.199043e+00
12.650000;1.157366e+00
12.660000;1.090838e+00
12.670000;1.064368e+00
12.680000;9.984902e-01
12.690000;9.397069e-01
12.700000;8.138129e-01
12.710000;6.642251e-01
12.720000;5.906820e-01
12.730000;5.799293e-01
12.740000;5.364009e-01
12.750000;5.254684e-01
12.760000;5.611760e-01
12.770000;5.747394e-01
12.780000;5.389659e-01
12.790000;4.914569e-01
12.800000;6.803305e-01
12.810000;1.015655e+00
12.820000;1.196782e+00
12.830000;1.298864e+00
12.840000;1.276730e+00
12.850000;1.270738e+00
12.860000;1.235973e+00
12.870000;1.274659e+00
12.880000;1.348162e+00
12.890000;1.410702e+00
12.900000;1.355545e+00
12.910000;1.324168e+00
12.920000;1.306691e+00
12.930000;1.226642e+00
12.940000;1.201511e+00
12.950000;1.198077e+00
12.960000;1.229872e+00
12.970000;1.189422e+00
12.980000;1.243989e+00
12.990000;1.292209e+00
13.000000;1.303171e+00
13.010000;1.199709e+00
13.020000;1.125004e+00
13.030000;9.360512e-01
13.040000;7.018296e-01
13.050000;8.625552e-01
13.060000;1.040716e+00
13.070000;1.038074e+00
13.080000;1.000370e+00
13.090000;1.045899e+00
13.100000;1.031270e+00
13.110000;9.962187e-01
13.120000;1.046060e+00
13.130000;1.141271e+00
13.140000;1.204713e+00
13.150000;1.213495e+00
13.160000;1.147868e+00
13.170000;1.043323e+00
13.180000;1.055686e+00
13.190000;1.111971e+00
13.200000;1.135339e+00
13.210000;1.149001e+00
13.220000;1.102712e+00
13.230000;1.022992e+00
13.240000;9.768626e-01
13.250000;9.848918e-01
13.260000;9.391702e-01
13.270000;8.885918e-01
13.280000;9.006932e-01
13.290000;9.576558e-01
13.300000;1.034964e+00
13.310000;1.164619e+00
13.320000;1.081304e+00
13.330000;8.273182e-01
13.340000;7.582710e-01
13.350000;7.793750e-01
13.360000;7.781732e-01
13.370000;7.687154e-01
13.380000;7.453766e-01
13.390000;7.143103e-01
13.400000;6.798596e-01
13.410000;5.841742e-01
13.420000;4.875677e-01
13.430000;4.161007e-01
13.440000;3.668819e-01
13.450000;4.826941e-01
13.460000;6.585186e-01
13.470000;9.970530e-01
13.480000;1.208524e+00
13.490000;1.279534e+00
13.500000;1.247307e+00
13.510000;1.192824e+00
13.520000;1.135853e+00
13.530000;1.075611e+00
13.540000;1.010437e+00
13.550000;9.867091e-01
13.560000;9.977691e-01
13.570000;1.018187e+00
13.580000;1.019267e+00
13.590000;1.008238e+00
13.600000;9.759370e-01
13.610000;9.117064e-01
13.620000;8.936790e-01
13.630000;8.542039e-01
13.640000;8.822030e-01
13.650000;9.400615e-01
13.660000;8.865234e-01
13.670000;7.174339e-01
13.680000;5.790001e-01
13.690000;5.193215e-01
13.700000;4.734873e-01
13.710000;4.140667e-01
13.720000;3.236720e-01
13.730000;2.029873e-01
13.740000;1.395600e-01
13.750000;1.272066e-01
13.760000;1.092405e-01
13.770000;1.250915e-01
13.780000;4.326022e-02
13.790000;-9.573194e-02
13.800000;-2.395146e-01
13.810000;-3.579029e-01
13.820000;-3.521485e-01
13.830000;-3.455333e-01
13.840000;-3.848718e-01
13.850000;-4.258440e-01
13.860000;-4.461524e-01
13.870000;-4.479957e-01
13.880000;-4.542788e-01
13.890000;-4.733924e-01
13.900000;-4.917284e-01
13.910000;-4.920866e-01
13.920000;-4.860265e-01
13.930000;-5.158653e-01
13.940000;-5.737343e-01
13.950000;-6.252904e-01
13.960000;-6.386750e-01
13.970000;-6.246799e-01
13.980000;-5.810995e-01
13.990000;-4.705881e-01
14.000000;-2.266289e-01
14.010000;2.058191e-01
14.020000;7.226039e-01
14.030000;1.018644e+00
14.040000;1.216325e+00
14.050000;1.273599e+00
14.060000;1.216263e+00
14.070000;1.169938e+00
14.080000;1.112245e+00
14.090000;1.081095e+00
14.100000;1.005723e+00
14.110000;7.768965e-01
14.120000;6.046730e-01
14.130000;4.700772e-01
14.140000;5.638977e-01
14.150000;6.178268e-01
14.160000;5.612669e-01
14.170000;5.174260e-01
14.180000;5.495217e-01
14.190000;5.986316e-01
14.200000;5.615039e-01
14.210000;5.900959e-01
14.220000;7.962497e-01
14.230000;1.092717e+00
14.240000;1.281067e+00
14.250000;1.350668e+00
14.260000;1.341329e+00
14.270000;1.249969e+00
14.280000;1.198837e+00
14.290000;1.204414e+00
14.300000;1.165170e+00
14.310000;1.125819e+00
14.320000;1.215423e+00
14.330000;1.234547e+00
14.340000;1.043926e+00
14.350000;1.035287e+00
14.360000;1.025982e+00
14.370000;1.269595e+00
14.380000;1.126966e+00
14.390000;1.056667e+00
14.400000;1.067362e+00
14.410000;9.641096e-01
14.420000;9.653427e-01
14.430000;9.841627e-01
14.440000;9.951616e-01
14.450000;9.982612e-01
14.460000;1.016024e+00
14.470000;9.971723e-01
14.480000;8.255357e-01
14.490000;7.172101e-01
14.500000;8.181670e-01
14.510000;1.082407e+00
14.520000;1.145486e+00
14.530000;1.080494e+00
14.540000;1.081117e+00
14.550000;1.035724e+00
14.560000;9.913945e-01
14.570000;9.651916e-01
14.580000;8.961493e-01
14.590000;8.309931e-01
14.600000;7.037850e-01
14.610000;6.923063e-01
14.620000;8.219995e-01
14.630000;8.710747e-01
14.640000;7.897238e-01
14.650000;7.144414e-01
14.660000;9.069598e-01
14.670000;1.101976e+00
14.680000;1.212208e+00
14.690000;1.250343e+00
14.700000;1.382891e+00
14.710000;1.407417e+00
14.720000;1.292827e+00
14.730000;1.199821e+00
14.740000;1.151562e+00
14.750000;1.093740e+00
14.760000;1.033648e+00
14.770000;1.081022e+00
14.780000;1.182623e+00
14.790000;1.153884e+00
14.800000;1.217566e+00
14.810000;1.274631e+00
14.820000;1.182622e+00
14.830000;1.118376e+00
14.840000;1.142357e+00
14.850000;1.095002e+00
14.860000;1.108156e+00
14.870000;1.074145e+00
14.880000;1.018570e+00
14.890000;9.794157e-01
14.900000;1.083336e+00
14.910000;1.117773e+00
14.920000;1.206595e+00
14.930000;1.351862e+00
14.940000;1.394816e+00
14.950000;1.320792e+00
14.960000;1.258656e+00
14.970000;1.195788e+00
14.980000;1.125889e+00
14.990000;1.133065e+00
15.000000;1.211363e+00
15.010000;1.254999e+00
15.020000;1.202253e+00
15.030000;1.014495e+00
15.040000;8.155436e-01
15.050000;8.561295e-01
15.060000;1.110662e+00
15.070000;1.309709e+00
15.080000;1.306858e+00
15.090000;1.258786e+00
15.100000;1.275863e+00
15.110000;1.213973e+00
15.120000;1.206040e+00
15.130000;1.140569e+00
15.140000;1.077853e+00
15.150000;1.046964e+00
15.160000;1.063134e+00
15.170000;1.097395e+00
15.180000;1.082793e+00
15.190000;1.043151e+00
15.200000;9.624967e-01
15.210000;9.141275e-01
15.220000;9.752653e-01
15.230000;1.044423e+00
15.240000;1.111752e+00
15.250000;1.194292e+00
15.260000;1.317693e+00
15.270000;1.346483e+00
15.280000;1.151550e+00
15.290000;9.368142e-01
15.300000;7.760129e-01
15.310000;5.499287e-01
15.320000;4.498849e-01
15.330000;4.644416e-01
15.340000;5.122710e-01
15.350000;5.729637e-01
15.360000;7.437357e-01
15.370000;1.020713e+00
15.380000;1.166450e+00
15.390000;1.265890e+00
15.400000;1.200749e+00
15.410000;1.089770e+00
15.420000;1.045078e+00
15.430000;9.674995e-01
15.440000;9.674126e-01
15.450000;9.749297e-01
15.460000;1.016642e+00
15.470000;9.779511e-01
15.480000;8.461698e-01
15.490000;7.781969e-01
15.500000;7.981076e-01
15.510000;8.189378e-01
15.520000;7.849566e-01
15.530000;8.235392e-01
15.540000;7.243328e-01
15.550000;5.491143e-01
15.560000;4.525327e-01
15.570000;4.450831e-01
15.580000;4.751146e-01
15.590000;5.037789e-01
15.600000;4.736907e-01
15.610000;3.861750e-01
15.620000;2.976215e-01
15.630000;2.529844e-01
15.640000;2.221006e-01
15.650000;1.901874e-01
15.660000;2.017878e-01
15.670000;2.472786e-01
15.680000;2.613601e-01
15.690000;1.791447e-01
15.700000;6.905869e-02
15.710000;-4.478934e-02
15.720000;-8.980292e-02
15.730000;-1.298097e-01
15.740000;-1.872142e-01
15.750000;-2.745060e-01
15.760000;-4.573174e-01
15.770000;-6.388698e-01
15.780000;-6.081443e-01
15.790000;-4.969840e-01
15.800000;-4.372288e-01
15.810000;-3.212261e-01
15.820000;-9.333826e-02
15.830000;6.583204e-02
15.840000;2.335165e-01
15.850000;3.595467e-01
15.860000;4.014597e-01
15.870000;4.079027e-01
15.880000;4.517044e-01
15.890000;5.318236e-01
15.900000;5.337736e-01
15.910000;4.868219e-01
15.920000;4.249348e-01
15.930000;3.798681e-01
15.940000;3.604848e-01
15.950000;3.417649e-01
15.960000;2.845686e-01
15.970000;2.118745e-01
15.980000;1.784898e-01
15.990000;1.727330e-01
16.000000;1.630177e-01
16.010000;1.455179e-01
16.020000;1.172752e-01
16.030000;9.016656e-02
16.040000;6.364824e-02
16.050000;4.395539e-02
16.060000;-1.591216e-02
16.070000;-7.898907e-02
16.080000;-1.158077e-01
16.090000;-1.524722e-01
16.100000;-1.791331e-01
16.110000;-2.130266e-01
16.120000;-2.705061e-01
16.130000;-3.542496e-01
16.140000;-3.996934e-01
16.150000;-4.035359e-01
16.160000;-3.528875e-01
16.170000;-3.155368e-01
16.180000;-3.373832e-01
16.190000;-3.920566e-01
16.200000;-3.643802e-01
16.210000;-3.242627e-01
16.220000;-3.688161e-01
16.230000;-4.617403e-01
16.240000;-5.478745e-01
16.250000;-5.712346e-01
16.260000;-5.624541e-01
16.270000;-5.617236e-01
16.280000;-5.693741e-01
16.290000;-5.915442e-01
16.300000;-6.312230e-01
16.310000;-6.676264e-01
16.320000;-6.715522e-01
16.330000;-6.861424e-01
16.340000;-6.943411e-01
16.350000;-6.809352e-01
16.360000;-6.500563e-01
16.370000;-6.257988e-01
16.380000;-6.313517e-01
16.390000;-6.513386e-01
16.400000;-6.840758e-01
16.410000;-7.113858e-01
16.420000;-7.510306e-01
16.430000;-7.787691e-01
16.440000;-7.954524e-01
16.450000;-8.005725e-01
16.460000;-8.097619e-01
16.470000;-8.152333e-01
16.480000;-8.237423e-01
16.490000;-8.415142e-01
16.500000;-8.290598e-01
16.510000;-8.183447e-01
16.520000;-8.297102e-01
16.530000;-8.318540e-01
16.540000;-8.417882e-01
16.550000;-8.690328e-01
16.560000;-9.025239e-01
16.570000;-8.974518e-01
16.580000;-8.563522e-01
16.590000;-8.163708e-01
16.600000;-8.000116e-01
16.610000;-7.650706e-01
16.620000;-7.217386e-01
16.630000;-6.928793e-01
16.640000;-6.982505e-01
16.650000;-6.983860e-01
16.660000;-6.290359e-01
16.670000;-5.690033e-01
16.680000;-5.655797e-01
16.690000;-6.371446e-01
16.700000;-7.450342e-01
16.710000;-7.681528e-01
16.720000;-7.536997e-01
16.730000;-7.668957e-01
16.740000;-7.722949e-01
16.750000;-7.917684e-01
16.760000;-8.325147e-01
16.770000;-8.462422e-01
16.780000;-8.063694e-01
16.790000;-7.895492e-01
16.800000;-8.076319e-01
16.810000;-8.235122e-01
16.820000;-8.319967e-01
16.830000;-8.444195e-01
16.840000;-8.484472e-01
16.850000;-8.669684e-01
16.860000;-9.022934e-01
16.870000;-9.060625e-01
16.880000;-9.160243e-01
16.890000;-9.138156e-01
16.900000;-8.715624e-01
16.910000;-8.982397e-01
16.920000;-9.629129e-01
16.930000;-9.516834e-01
16.940000;-9.095969e-01
16.950000;-9.148104e-01
16.960000;-9.427989e-01
16.970000;-9.383902e-01
16.980000;-9.462723e-01
16.990000;-9.489453e-01
17.000000;-9.660354e-01
17.010000;-9.942361e-01
17.020000;-9.862553e-01
17.030000;-9.687018e-01
17.040000;-9.488090e-01
17.050000;-9.247556e-01
17.060000;-8.978630e-01
17.070000;-7.806479e-01
17.080000;-6.307570e-01
17.090000;-5.634725e-01
17.100000;-5.400342e-01
17.110000;-5.382491e-01
17.120000;-5.212007e-01
17.130000;-4.419955e-01
17.140000;-3.397928e-01
17.150000;-2.958845e-01
17.160000;-2.954623e-01
17.170000;-3.211549e-01
17.180000;-3.361337e-01
17.190000;-3.801157e-01
17.200000;-4.371897e-01
17.210000;-4.845403e-01
17.220000;-5.592896e-01
17.230000;-5.926400e-01
17.240000;-5.994432e-01
17.250000;-5.846100e-01
17.260000;-5.772662e-01
17.270000;-5.309227e-01
17.280000;-4.559009e-01
17.290000;-3.002405e-01
17.300000;-1.846904e-01
17.310000;-1.344423e-01
17.320000;-1.218518e-01
17.330000;-1.095263e-01
17.340000;-1.550383e-01
17.350000;-2.468547e-01
17.360000;-3.449832e-01
17.370000;-4.452292e-01
17.380000;-4.826948e-01
17.390000;-4.458356e-01
17.400000;-3.850571e-01
17.410000;-3.559934e-01
17.420000;-4.071024e-01
17.430000;-5.006761e-01
17.440000;-5.956323e-01
17.450000;-6.869917e-01
17.460000;-7.906227e-01
17.470000;-8.568097e-01
17.480000;-8.470417e-01
17.490000;-8.513293e-01
17.500000;-8.594053e-01
17.510000;-8.701413e-01
17.520000;-9.085768e-01
17.530000;-9.385207e-01
17.540000;-9.497241e-01
17.550000;-9.474360e-01
17.560000;-9.459462e-01
17.570000;-9.253712e-01
17.580000;-9.174665e-01
17.590000;-9.169227e-01
17.600000;-8.953087e-01
17.610000;-8.949979e-01
17.620000;-9.444976e-01
17.630000;-1.019193e+00
17.640000;-1.048807e+00
17.650000;-9.858734e-01
17.660000;-9.085113e-01
17.670000;-8.602608e-01
17.680000;-8.594561e-01
17.690000;-9.110077e-01
17.700000;-9.192335e-01
17.710000;-8.918595e-01
17.720000;-8.640878e-01
17.730000;-8.333565e-01
17.740000;-8.374870e-01
17.750000;-8.741228e-01
17.760000;-9.002988e-01
17.770000;-8.938012e-01
17.780000;-8.593922e-01
17.790000;-8.110785e-01
17.800000;-7.440204e-01
17.810000;-7.131431e-01
17.820000;-7.409127e-01
17.830000;-7.624674e-01
17.840000;-8.098130e-01
17.850000;-8.399049e-01
17.860000;-8.520156e-01
17.870000;-8.733405e-01
17.880000;-8.976633e-01
17.890000;-8.821503e-01
17.900000;-8.337492e-01
17.910000;-8.215466e-01
17.920000;-8.125291e-01
17.930000;-7.635717e-01
17.940000;-7.266922e-01
17.950000;-7.428398e-01
17.960000;-8.084295e-01
17.970000;-8.221156e-01
17.980000;-8.132623e-01
17.990000;-8.240927e-01
18.000000;-8.536428e-01
18.010000;-8.859720e-01
18.020000;-8.857865e-01
18.030000;-8.782022e-01
18.040000;-8.574076e-01
18.050000;-8.015743e-01
18.060000;-7.296257e-01
18.070000;-6.987559e-01
18.080000;-7.007353e-01
18.090000;-7.035482e-01
18.100000;-7.158674e-01
18.110000;-7.484262e-01
18.120000;-7.614911e-01
18.130000;-7.725347e-01
18.140000;-7.906862e-01
18.150000;-8.420222e-01
18.160000;-8.506535e-01
18.170000;-8.234232e-01
18.180000;-8.358512e-01
18.190000;-8.884074e-01
18.200000;-8.789126e-01
18.210000;-8.306742e-01
18.220000;-7.939820e-01
18.230000;-7.909534e-01
18.240000;-8.090817e-01
18.250000;-8.314753e-01
18.260000;-8.406722e-01
18.270000;-8.518856e-01
18.280000;-8.647869e-01
18.290000;-8.842312e-01
18.300000;-9.091836e-01
18.310000;-9.331242e-01
18.320000;-9.262354e-01
18.330000;-8.843557e-01
18.340000;-9.105049e-01
18.350000;-9.568434e-01
18.360000;-9.573944e-01
18.370000;-9.732985e-01
18.380000;-9.665365e-01
18.390000;-9.503413e-01
18.400000;-9.305131e-01
18.410000;-9.040763e-01
18.420000;-8.940666e-01
18.430000;-8.910087e-01
18.440000;-8.636282e-01
18.450000;-8.083453e-01
18.460000;-8.224953e-01
18.470000;-8.867063e-01
18.480000;-9.220599e-01
18.490000;-8.872714e-01
18.500000;-8.213388e-01
18.510000;-7.556408e-01
18.520000;-7.597144e-01
18.530000;-8.643973e-01
18.540000;-9.436986e-01
18.550000;-9.609481e-01
18.560000;-9.363075e-01
18.570000;-7.579115e-01
18.580000;-5.138208e-01
18.590000;-1.233750e-01
18.600000;1.978562e-01
18.610000;3.519033e-01
18.620000;3.526538e-01
18.630000;2.808042e-01
18.640000;2.214722e-01
18.650000;1.382732e-01
18.660000;8.495516e-02
18.670000;1.940126e-01
18.680000;4.124664e-01
18.690000;5.088463e-01
18.700000;5.380436e-01
18.710000;6.183251e-01
18.720000;6.480872e-01
18.730000;6.515839e-01
18.740000;6.674249e-01
18.750000;7.290772e-01
18.760000;8.409993e-01
18.770000;9.217837e-01
18.780000;1.038293e+00
18.790000;1.058759e+00
18.800000;9.786656e-01
18.810000;8.611307e-01
18.820000;7.198118e-01
18.830000;5.923330e-01
18.840000;5.814030e-01
18.850000;6.723192e-01
18.860000;8.199741e-01
18.870000;8.199083e-01
18.880000;7.041266e-01
18.890000;5.226499e-01
18.900000;6.095273e-01
18.910000;5.870357e-01
18.920000;5.076376e-01
18.930000;5.131855e-01
18.940000;5.491309e-01
18.950000;6.047744e-01
18.960000;6.866980e-01
18.970000;6.976591e-01
18.980000;7.623489e-01
18.990000;8.671218e-01
19.000000;8.859432e-01
19.010000;9.614841e-01
19.020000;1.080137e+00
19.030000;1.081128e+00
19.040000;1.067577e+00
19.050000;1.044784e+00
19.060000;9.741525e-01
19.070000;7.832565e-01
19.080000;6.607679e-01
19.090000;6.133814e-01
19.100000;6.707562e-01
19.110000;7.637892e-01
19.120000;8.326416e-01
19.130000;8.266747e-01
19.140000;8.242450e-01
19.150000;8.119844e-01
19.160000;7.898284e-01
19.170000;8.228804e-01
19.180000;8.409548e-01
19.190000;8.251300e-01
19.200000;8.109194e-01
19.210000;8.922455e-01
19.220000;9.785771e-01
19.230000;9.442850e-01
19.240000;8.929622e-01
19.250000;8.924007e-01
19.260000;8.509769e-01
19.270000;7.913476e-01
19.280000;8.181579e-01
19.290000;9.475084e-01
19.300000;1.023795e+00
19.310000;9.964756e-01
19.320000;9.623528e-01
19.330000;9.292086e-01
19.340000;8.841435e-01
19.350000;8.831615e-01
19.360000;8.689657e-01
19.370000;9.015603e-01
19.380000;9.082838e-01
19.390000;9.189674e-01
19.400000;9.395828e-01
19.410000;8.935050e-01
19.420000;6.941208e-01
19.430000;5.575368e-01
19.440000;4.998683e-01
19.450000;4.753534e-01
19.460000;5.503674e-01
19.470000;6.409548e-01
19.480000;7.058349e-01
19.490000;7.711656e-01
19.500000;7.752531e-01
19.510000;7.334129e-01
19.520000;6.755291e-01
19.530000;6.453144e-01
19.540000;6.092571e-01
19.550000;5.976579e-01
19.560000;5.916326e-01
19.570000;6.469951e-01
19.580000;6.852229e-01
19.590000;7.906898e-01
19.600000;8.779547e-01
19.610000;8.050466e-01
19.620000;7.772663e-01
19.630000;7.944366e-01
19.640000;8.857786e-01
19.650000;9.137805e-01
19.660000;9.058648e-01
19.670000;9.263645e-01
19.680000;9.424745e-01
19.690000;9.544564e-01
19.700000;9.839858e-01
19.710000;1.033531e+00
19.720000;1.043367e+00
19.730000;8.986716e-01
19.740000;5.362691e-01
19.750000;5.772803e-01
19.760000;7.950051e-01
19.770000;6.932864e-01
19.780000;5.810284e-01
19.790000;6.162729e-01
19.800000;7.074344e-01
19.810000;6.818252e-01
19.820000;6.029337e-01
19.830000;4.620139e-01
19.840000;4.706377e-01
19.850000;5.133638e-01
19.860000;5.289859e-01
19.870000;5.510109e-01
19.880000;5.322482e-01
19.890000;5.444326e-01
19.900000;5.606698e-01
19.910000;5.270892e-01
19.920000;4.217350e-01
19.930000;3.149714e-01
19.940000;2.658441e-01
19.950000;2.646750e-01
19.960000;3.572212e-01
19.970000;4.956492e-01
19.980000;6.196949e-01
19.990000;6.935524e-01
20.000000;7.299351e-01
20.010000;7.589353e-01
20.020000;7.749135e-01
20.030000;8.128605e-01
20.040000;8.507271e-01
20.050000;8.642903e-01
20.060000;8.693209e-01
20.070000;9.192894e-01
20.080000;9.765781e-01
20.090000;9.967731e-01
20.100000;9.685944e-01
20.110000;8.966473e-01
20.120000;9.771078e-01
20.130000;1.157332e+00
20.140000;1.204665e+00
20.150000;1.164873e+00
20.160000;1.145248e+00
20.170000;1.138726e+00
20.180000;1.160461e+00
20.190000;1.168529e+00
20.200000;1.134571e+00
20.210000;1.064082e+00
20.220000;9.430326e-01
20.230000;8.783902e-01
20.240000;9.216483e-01
20.250000;9.805054e-01
20.260000;1.000134e+00
20.270000;9.735408e-01
20.280000;9.036825e-01
20.290000;8.191904e-01
20.300000;7.144318e-01
20.310000;6.717292e-01
20.320000;6.465195e-01
20.330000;6.410016e-01
20.340000;6.705502e-01
20.350000;7.002146e-01
20.360000;7.511697e-01
20.370000;8.095965e-01
20.380000;8.349199e-01
20.390000;8.438514e-01
20.400000;8.887226e-01
20.410000;8.912398e-01
20.420000;8.467170e-01
20.430000;7.803248e-01
20.440000;6.978647e-01
20.450000;6.832914e-01
20.460000;7.069581e-01
20.470000;7.067848e-01
20.480000;6.854161e-01
20.490000;6.407066e-01
20.500000;5.626220e-01
20.510000;5.428831e-01
20.520000;5.174250e-01
20.530000;4.236084e-01
20.540000;3.673652e-01
20.550000;3.740154e-01
20.560000;4.070797e-01
20.570000;3.914231e-01
20.580000;3.668180e-01
20.590000;3.865953e-01
20.600000;4.002221e-01
20.610000;4.319883e-01
20.620000;4.488457e-01
20.630000;4.544091e-01
20.640000;3.655716e-01
20.650000;2.601200e-01
20.660000;2.212589e-01
20.670000;1.929282e-01
20.680000;1.695371e-01
20.690000;1.749521e-01
20.700000;1.832711e-01
20.710000;1.460226e-01
20.720000;1.074199e-01
20.730000;1.504390e-01
20.740000;2.043368e-01
20.750000;2.232016e-01
20.760000;2.077358e-01
20.770000;2.349565e-01
20.780000;2.587501e-01
20.790000;2.341162e-01
20.800000;1.883611e-01
20.810000;1.812090e-01
20.820000;2.051621e-01
20.830000;1.969944e-01
20.840000;1.457968e-01
20.850000;9.398773e-02
20.860000;8.197755e-02
20.870000;7.755327e-02
20.880000;3.070340e-02
20.890000;-8.273480e-03
20.900000;2.381035e-02
20.910000;1.296103e-01
20.920000;3.013734e-01
20.930000;5.705606e-01
20.940000;7.252715e-01
20.950000;7.324110e-01
20.960000;7.565683e-01
20.970000;9.039392e-01
20.980000;9.706388e-01
20.990000;9.338677e-01
21.000000;8.850785e-01
21.010000;8.780705e-01
21.020000;8.986299e-01
21.030000;9.328991e-01
21.040000;9.719557e-01
21.050000;9.845863e-01
21.060000;9.566331e-01
21.070000;9.305954e-01
21.080000;9.007429e-01
21.090000;9.116349e-01
21.100000;9.141626e-01
21.110000;8.796948e-01
21.120000;8.390570e-01
21.130000;8.312508e-01
21.140000;9.154089e-01
21.150000;1.044924e+00
21.160000;1.147511e+00
21.170000;1.167829e+00
21.180000;9.936103e-01
21.190000;8.213348e-01
21.200000;6.523238e-01
21.210000;5.472341e-01
21.220000;4.760209e-01
21.230000;4.258007e-01
21.240000;3.779242e-01
21.250000;3.011616e-01
21.260000;2.296872e-01
21.270000;1.759431e-01
21.280000;1.418859e-01
21.290000;1.066919e-01
21.300000;5.256953e-02
21.310000;-9.430605e-03
21.320000;-5.278160e-02
21.330000;-8.141640e-02
21.340000;-1.613966e-01
21.350000;-1.860348e-01
21.360000;-1.694475e-01
21.370000;-1.433899e-01
21.380000;-1.381167e-01
21.390000;-1.574357e-01
21.400000;-2.203147e-01
21.410000;-2.981152e-01
21.420000;-3.364325e-01
21.430000;-4.186539e-01
21.440000;-4.733334e-01
21.450000;-4.293036e-01
21.460000;-3.750039e-01
21.470000;-3.268062e-01
21.480000;-2.673399e-01
21.490000;-1.912109e-01
21.500000;-1.276786e-01
21.510000;-7.866815e-02
21.520000;-7.015774e-02
21.530000;-6.886618e-02
21.540000;-1.420320e-02
21.550000;2.293244e-02
21.560000;-1.294821e-02
21.570000;8.797632e-03
21.580000;1.192877e-01
21.590000;2.525159e-01
21.600000;3.574647e-01
21.610000;4.163120e-01
21.620000;3.767109e-01
21.630000;2.662455e-01
21.640000;1.527925e-01
21.650000;7.263965e-02
21.660000;3.744891e-02
21.670000;5.868173e-02
21.680000;6.430805e-02
21.690000;-1.796832e-02
21.700000;-1.273634e-01
21.710000;-1.534635e-01
21.720000;-7.251316e-02
21.730000;3.910966e-02
21.740000;9.463835e-02
21.750000;1.661581e-01
21.760000;3.820708e-01
21.770000;7.257547e-01
21.780000;9.002870e-01
21.790000;8.766669e-01
21.800000;8.133425e-01
21.810000;7.984802e-01
21.820000;8.034989e-01
21.830000;7.946236e-01
21.840000;8.130350e-01
21.850000;8.534234e-01
21.860000;8.830282e-01
21.870000;8.854877e-01
21.880000;9.272317e-01
21.890000;9.681659e-01
21.900000;9.153804e-01
21.910000;8.948925e-01
21.920000;9.451487e-01
21.930000;9.962581e-01
21.940000;1.009620e+00
21.950000;9.623411e-01
21.960000;9.768990e-01
21.970000;1.015750e+00
21.980000;1.005424e+00
21.990000;1.033147e+00
22.000000;1.070105e+00
22.010000;1.010181e+00
22.020000;9.414308e-01
22.030000;9.124760e-01
22.040000;9.326591e-01
22.050000;9.423939e-01
22.060000;9.435897e-01
22.070000;9.471545e-01
22.080000;9.941685e-01
22.090000;1.016297e+00
22.100000;1.019014e+00
22.110000;1.015301e+00
22.120000;1.029340e+00
22.130000;1.051039e+00
22.140000;1.090003e+00
22.150000;1.230562e+00
22.160000;1.273839e+00
22.170000;1.102593e+00
22.180000;9.533980e-01
22.190000;8.777673e-01
22.200000;8.045913e-01
22.210000;7.654836e-01
22.220000;8.214043e-01
22.230000;9.778507e-01
22.240000;1.115410e+00
22.250000;1.103763e+00
22.260000;1.017043e+00
22.270000;9.878939e-01
22.280000;1.016485e+00
22.290000;9.912318e-01
22.300000;9.694125e-01
22.310000;1.014340e+00
22.320000;1.116411e+00
22.330000;1.074068e+00
22.340000;9.286172e-01
22.350000;6.977567e-01
22.360000;6.000186e-01
22.370000;5.997376e-01
22.380000;5.528058e-01
22.390000;4.343001e-01
22.400000;4.020100e-01
22.410000;3.605846e-01
22.420000;2.861403e-01
22.430000;2.580875e-01
22.440000;2.434058e-01
22.450000;2.426683e-01
22.460000;1.943354e-01
22.470000;1.084874e-01
22.480000;9.192995e-02
22.490000;1.834051e-01
22.500000;2.965699e-01
22.510000;5.541052e-01
22.520000;7.497349e-01
22.530000;7.532569e-01
22.540000;7.407332e-01
22.550000;7.834516e-01
22.560000;8.414995e-01
22.570000;8.469324e-01
22.580000;9.035856e-01
22.590000;9.766358e-01
22.600000;9.705452e-01
22.610000;8.995073e-01
22.620000;7.465149e-01
22.630000;4.482409e-01
22.640000;2.421087e-01
22.650000;1.944648e-01
22.660000;2.483522e-01
22.670000;2.785398e-01
22.680000;3.578692e-01
22.690000;4.993495e-01
22.700000;6.277304e-01
22.710000;6.642171e-01
22.720000;5.911851e-01
22.730000;5.534254e-01
22.740000;5.219099e-01
22.750000;5.021944e-01
22.760000;4.263318e-01
22.770000;3.925384e-01
22.780000;4.470978e-01
22.790000;4.309390e-01
22.800000;4.197539e-01
22.810000;4.152219e-01
22.820000;5.308766e-01
22.830000;6.114178e-01
22.840000;6.414185e-01
22.850000;6.179933e-01
22.860000;5.755971e-01
22.870000;5.355089e-01
22.880000;5.327568e-01
22.890000;5.031137e-01
22.900000;4.731460e-01
22.910000;4.669376e-01
22.920000;4.123788e-01
22.930000;4.431058e-01
22.940000;4.946026e-01
22.950000;5.610220e-01
22.960000;5.960245e-01
22.970000;6.590693e-01
22.980000;8.055539e-01
22.990000;8.394455e-01
23.000000;7.364682e-01
23.010000;7.740254e-01
23.020000;8.780279e-01
23.030000;9.310151e-01
23.040000;9.436252e-01
23.050000;9.387351e-01
23.060000;9.683365e-01
23.070000;1.018893e+00
23.080000;1.020280e+00
23.090000;1.028922e+00
23.100000;1.069992e+00
23.110000;1.061526e+00
23.120000;1.025434e+00
23.130000;9.591351e-01
23.140000;9.049296e-01
23.150000;8.361222e-01
23.160000;8.157443e-01
23.170000;7.693619e-01
23.180000;7.590536e-01
23.190000;8.026568e-01
23.200000;8.349596e-01
23.210000;8.348969e-01
23.220000;8.121635e-01
23.230000;7.930491e-01
23.240000;7.168310e-01
23.250000;6.297352e-01
23.260000;5.014591e-01
23.270000;4.765680e-01
23.280000;5.461254e-01
23.290000;6.014407e-01
23.300000;6.578243e-01
23.310000;7.820125e-01
23.320000;8.940824e-01
23.330000;8.636353e-01
23.340000;8.304388e-01
23.350000;8.163908e-01
23.360000;8.003598e-01
23.370000;8.002325e-01
23.380000;8.452229e-01
23.390000;9.031695e-01
23.400000;9.486982e-01
23.410000;9.830600e-01
23.420000;1.009120e+00
23.430000;1.061775e+00
23.440000;1.052286e+00
23.450000;9.984353e-01
23.460000;9.324920e-01
23.470000;9.161553e-01
23.480000;7.675562e-01
23.490000;5.181224e-01
23.500000;4.453417e-01
23.510000;3.672008e-01
23.520000;2.261707e-01
23.530000;5.942952e-02
23.540000;-1.267050e-01
23.550000;-1.302899e-01
23.560000;-5.777844e-04
23.570000;1.830410e-01
23.580000;2.924724e-01
23.590000;3.811672e-01
23.600000;5.231668e-01
23.610000;6.548745e-01
23.620000;7.127407e-01
23.630000;7.250391e-01
23.640000;7.089791e-01
23.650000;6.617032e-01
23.660000;5.932377e-01
23.670000;5.119770e-01
23.680000;4.321078e-01
23.690000;4.281195e-01
23.700000;5.357862e-01
23.710000;6.511263e-01
23.720000;7.243331e-01
23.730000;7.865090e-01
23.740000;8.277465e-01
23.750000;8.721418e-01
23.760000;9.069743e-01
23.770000;9.653881e-01
23.780000;1.014395e+00
23.790000;1.062105e+00
23.800000;1.042450e+00
23.810000;1.033984e+00
23.820000;9.956800e-01
23.830000;9.825845e-01
23.840000;9.807181e-01
23.850000;9.913751e-01
23.860000;1.017724e+00
23.870000;1.041646e+00
23.880000;1.056133e+00
23.890000;1.039388e+00
23.900000;1.013019e+00
23.910000;1.000876e+00
23.920000;1.007605e+00
23.930000;9.792369e-01
23.940000;9.244442e-01
23.950000;8.977277e-01
23.960000;9.103694e-01
23.970000;9.532433e-01
23.980000;1.041171e+00
23.990000;1.085916e+00
24.000000;1.020608e+00
24.010000;8.140112e-01
24.020000;6.045781e-01
24.030000;6.207202e-01
24.040000;5.746373e-01
24.050000;6.580086e-01
24.060000;7.695475e-01
24.070000;8.152515e-01
24.080000;8.231815e-01
24.090000;8.728546e-01
24.100000;8.566667e-01
24.110000;8.111631e-01
24.120000;7.329352e-01
24.130000;6.744297e-01
24.140000;7.095970e-01
24.150000;7.506693e-01
24.160000;7.411798e-01
24.170000;7.004513e-01
24.180000;6.971768e-01
24.190000;6.998078e-01
24.200000;7.171530e-01
24.210000;7.305223e-01
24.220000;7.268016e-01
24.230000;7.148826e-01
24.240000;7.288786e-01
24.250000;7.660241e-01
24.260000;7.998318e-01
24.270000;7.884055e-01
24.280000;7.495282e-01
24.290000;7.332907e-01
24.300000;7.426972e-01
24.310000;7.561172e-01
24.320000;7.821951e-01
24.330000;8.031622e-01
24.340000;8.114668e-01
24.350000;8.073931e-01
24.360000;8.072237e-01
24.370000;8.322931e-01
24.380000;8.626636e-01
24.390000;8.691926e-01
24.400000;8.596808e-01
24.410000;8.863848e-01
24.420000;8.703477e-01
24.430000;8.351979e-01
24.440000;8.263093e-01
24.450000;7.417946e-01
24.460000;7.466370e-01
24.470000;8.400373e-01
24.480000;9.044266e-01
24.490000;9.635080e-01
24.500000;1.000236e+00
24.510000;1.011210e+00
24.520000;9.808971e-01
24.530000;9.697208e-01
24.540000;1.024886e+00
24.550000;1.024579e+00
24.560000;9.507899e-01
24.570000;7.385214e-01
24.580000;5.985982e-01
24.590000;5.650473e-01
24.600000;5.396125e-01
24.610000;5.031527e-01
24.620000;5.804316e-01
24.630000;7.159264e-01
24.640000;7.466143e-01
24.650000;6.990948e-01
24.660000;6.348024e-01
24.670000;6.347126e-01
24.680000;5.809778e-01
24.690000;5.389711e-01
24.700000;5.151052e-01
24.710000;4.658096e-01
24.720000;3.779423e-01
24.730000;3.319699e-01
24.740000;3.206892e-01
24.750000;3.558504e-01
24.760000;4.917646e-01
24.770000;6.549891e-01
24.780000;7.242305e-01
24.790000;7.308051e-01
24.800000;7.155403e-01
24.810000;6.892799e-01
24.820000;6.469290e-01
24.830000;6.283475e-01
24.840000;6.176534e-01
24.850000;6.048711e-01
24.860000;6.357236e-01
24.870000;6.780725e-01
24.880000;6.808598e-01
24.890000;6.199586e-01
24.900000;5.461112e-01
24.910000;4.475135e-01
24.920000;3.936642e-01
24.930000;3.770276e-01
24.940000;3.601995e-01
24.950000;3.363695e-01
24.960000;2.919985e-01
24.970000;2.503711e-01
24.980000;2.677384e-01
24.990000;2.650634e-01
25.000000;1.971098e-01
25.010000;1.416538e-01
25.020000;1.092374e-01
25.030000;1.155641e-01
25.040000;1.142832e-01
25.050000;6.332125e-02
25.060000;-1.396766e-02
25.070000;-3.476691e-02
25.080000;-1.702465e-02
25.090000;1.139340e-02
25.100000;6.858592e-02
25.110000;1.462103e-01
25.120000;2.106024e-01
25.130000;2.069598e-01
25.140000;1.949724e-01
25.150000;2.419568e-01
25.160000;2.696065e-01
25.170000;2.627952e-01
25.180000;2.303946e-01
25.190000;1.529751e-01
25.200000;1.049355e-01
25.210000;8.285037e-02
25.220000;1.094092e-01
25.230000;1.450024e-01
25.240000;1.495223e-01
25.250000;8.567095e-02
25.260000;7.979210e-03
25.270000;-4.504342e-02
25.280000;-1.022964e-01
25.290000;-1.623141e-01
25.300000;-1.990987e-01
25.310000;-2.204698e-01
25.320000;-2.667534e-01
25.330000;-3.133150e-01
25.340000;-2.986461e-01
25.350000;-3.022494e-01
25.360000;-3.454934e-01
25.370000;-3.864869e-01
25.380000;-4.352573e-01
25.390000;-4.763722e-01
25.400000;-4.890415e-01
25.410000;-4.632038e-01
25.420000;-4.256940e-01
25.430000;-3.998473e-01
25.440000;-3.862727e-01
25.450000;-3.606672e-01
25.460000;-3.045882e-01
25.470000;-2.347362e-01
25.480000;-1.876218e-01
25.490000;-1.196314e-01
25.500000;-5.986099e-02
25.510000;-8.804814e-02
25.520000;-1.652227e-01
25.530000;-1.998963e-01
25.540000;-2.041067e-01
25.550000;-2.430294e-01
25.560000;-3.104242e-01
25.570000;-3.690739e-01
25.580000;-3.699698e-01
25.590000;-3.985408e-01
25.600000;-4.235652e-01
25.610000;-4.110516e-01
25.620000;-3.570187e-01
25.630000;-2.973220e-01
25.640000;-2.809069e-01
25.650000;-2.965563e-01
25.660000;-3.482792e-01
25.670000;-3.879399e-01
25.680000;-4.432414e-01
25.690000;-5.137936e-01
25.700000;-5.745444e-01
25.710000;-5.929896e-01
25.720000;-6.001825e-01
25.730000;-6.244953e-01
25.740000;-6.388834e-01
25.750000;-6.200109e-01
25.760000;-6.377785e-01
25.770000;-6.601020e-01
25.780000;-6.257365e-01
25.790000;-5.629859e-01
25.800000;-5.793754e-01
25.810000;-6.728571e-01
25.820000;-7.637092e-01
25.830000;-8.303197e-01
25.840000;-8.839080e-01
25.850000;-9.040118e-01
25.860000;-8.849563e-01
25.870000;-8.726013e-01
25.880000;-8.804937e-01
25.890000;-8.546893e-01
25.900000;-8.069617e-01
25.910000;-7.793447e-01
25.920000;-8.113043e-01
25.930000;-8.646883e-01
25.940000;-8.873403e-01
25.950000;-8.818462e-01
25.960000;-8.986174e-01
25.970000;-9.263843e-01
25.980000;-9.522558e-01
25.990000;-9.444615e-01
26.000000;-8.863191e-01
26.010000;-8.361024e-01
26.020000;-8.527010e-01
26.030000;-8.894562e-01
26.040000;-9.186420e-01
26.050000;-9.427314e-01
26.060000;-9.714085e-01
26.070000;-9.702915e-01
26.080000;-9.564160e-01
26.090000;-9.313732e-01
26.100000;-9.072563e-01
26.110000;-8.833917e-01
26.120000;-8.893405e-01
26.130000;-9.086978e-01
26.140000;-9.380821e-01
26.150000;-9.377419e-01
26.160000;-9.231886e-01
26.170000;-9.398704e-01
26.180000;-9.504438e-01
26.190000;-9.211016e-01
26.200000;-8.366538e-01
26.210000;-7.563553e-01
26.220000;-7.513368e-01
26.230000;-7.686847e-01
26.240000;-7.706404e-01
26.250000;-7.912827e-01
26.260000;-7.935944e-01
26.270000;-7.710503e-01
26.280000;-7.697219e-01
26.290000;-7.875748e-01
26.300000;-7.974503e-01
26.310000;-8.354580e-01
26.320000;-9.047391e-01
26.330000;-9.237521e-01
26.340000;-8.922743e-01
26.350000;-8.649822e-01
26.360000;-8.377721e-01
26.370000;-8.446064e-01
26.380000;-8.583273e-01
26.390000;-8.340415e-01
26.400000;-8.104556e-01
26.410000;-8.279935e-01
26.420000;-8.579075e-01
26.430000;-7.832677e-01
26.440000;-6.352806e-01
26.450000;-5.185441e-01
26.460000;-6.051403e-01
26.470000;-7.495897e-01
26.480000;-8.539947e-01
26.490000;-8.697055e-01
26.500000;-8.371335e-01
26.510000;-8.338900e-01
26.520000;-8.426102e-01
26.530000;-8.461158e-01
26.540000;-8.660004e-01
26.550000;-8.710219e-01
26.560000;-8.556907e-01
26.570000;-8.208788e-01
26.580000;-8.171930e-01
26.590000;-8.271905e-01
26.600000;-8.498979e-01
26.610000;-8.712880e-01
26.620000;-8.597464e-01
26.630000;-8.186455e-01
26.640000;-7.667367e-01
26.650000;-7.410455e-01
26.660000;-7.339453e-01
26.670000;-7.656054e-01
26.680000;-8.251644e-01
26.690000;-8.835965e-01
26.700000;-9.161187e-01
26.710000;-9.392400e-01
26.720000;-9.272765e-01
26.730000;-8.696544e-01
26.740000;-7.998455e-01
26.750000;-7.882808e-01
26.760000;-8.211758e-01
26.770000;-8.510971e-01
26.780000;-8.438691e-01
26.790000;-8.395195e-01
26.800000;-8.898809e-01
26.810000;-9.284976e-01
26.820000;-9.137672e-01
26.830000;-8.739361e-01
26.840000;-8.416734e-01
26.850000;-8.093904e-01
26.860000;-8.525376e-01
26.870000;-9.082332e-01
26.880000;-8.911194e-01
26.890000;-8.591926e-01
26.900000;-8.751692e-01
26.910000;-9.061013e-01
26.920000;-8.928199e-01
26.930000;-8.391963e-01
26.940000;-8.145272e-01
26.950000;-8.349288e-01
26.960000;-8.582305e-01
26.970000;-8.732910e-01
26.980000;-8.744290e-01
26.990000;-8.981555e-01
27.000000;-9.164597e-01
27.010000;-9.035058e-01
27.020000;-8.852229e-01
27.030000;-8.644664e-01
27.040000;-8.554451e-01
27.050000;-8.843244e-01
27.060000;-8.918646e-01
27.070000;-8.638836e-01
27.080000;-8.368952e-01
27.090000;-8.326202e-01
27.100000;-8.178099e-01
27.110000;-8.174265e-01
27.120000;-8.512017e-01
27.130000;-8.684790e-01
27.140000;-8.328353e-01
27.150000;-8.067628e-01
27.160000;-8.008198e-01
27.170000;-7.475721e-01
27.180000;-6.411747e-01
27.190000;-5.983117e-01
27.200000;-6.526763e-01
27.210000;-7.096090e-01
27.220000;-7.090999e-01
27.230000;-7.782914e-01
27.240000;-8.132046e-01
27.250000;-7.304724e-01
27.260000;-6.315389e-01
27.270000;-6.002243e-01
27.280000;-6.263131e-01
27.290000;-6.719522e-01
27.300000;-6.875116e-01
27.310000;-7.269728e-01
27.320000;-7.544170e-01
27.330000;-7.377323e-01
27.340000;-7.698867e-01
27.350000;-7.984692e-01
27.360000;-7.921723e-01
27.370000;-7.957071e-01
27.380000;-8.159822e-01
27.390000;-8.378471e-01
27.400000;-8.150439e-01
27.410000;-8.017370e-01
27.420000;-8.228770e-01
27.430000;-8.581830e-01
27.440000;-8.916907e-01
27.450000;-9.180959e-01
27.460000;-9.273149e-01
27.470000;-9.000567e-01
27.480000;-8.717592e-01
27.490000;-8.620479e-01
27.500000;-8.953750e-01
27.510000;-9.325814e-01
27.520000;-9.334428e-01
27.530000;-9.217259e-01
27.540000;-9.392791e-01
27.550000;-9.799528e-01
27.560000;-9.818501e-01
27.570000;-9.816853e-01
27.580000;-9.722306e-01
27.590000;-9.587727e-01
27.600000;-9.502507e-01
27.610000;-9.505069e-01
27.620000;-9.602165e-01
27.630000;-9.784374e-01
27.640000;-9.293229e-01
27.650000;-8.984420e-01
27.660000;-9.078311e-01
27.670000;-9.175910e-01
27.680000;-8.495904e-01
27.690000;-8.366802e-01
27.700000;-8.832363e-01
27.710000;-9.210646e-01
27.720000;-9.266967e-01
27.730000;-9.130638e-01
27.740000;-8.760159e-01
27.750000;-8.622390e-01
27.760000;-8.660764e-01
27.770000;-8.951656e-01
27.780000;-9.193804e-01
27.790000;-9.241435e-01
27.800000;-9.363340e-01
27.810000;-9.522201e-01
27.820000;-9.762301e-01
27.830000;-9.775360e-01
27.840000;-9.506632e-01
27.850000;-9.147859e-01
27.860000;-9.052654e-01
27.870000;-9.035689e-01
27.880000;-9.000933e-01
27.890000;-8.961185e-01
27.900000;-8.878435e-01
27.910000;-8.718929e-01
27.920000;-9.025937e-01
27.930000;-9.398095e-01
27.940000;-9.208848e-01
27.950000;-8.741676e-01
27.960000;-8.112025e-01
27.970000;-7.876322e-01
27.980000;-8.405784e-01
27.990000;-8.880461e-01
28.000000;-9.263896e-01
28.010000;-9.388670e-01
28.020000;-9.506000e-01
28.030000;-9.869872e-01
28.040000;-9.948406e-01
28.050000;-9.778252e-01
28.060000;-9.556502e-01
28.070000;-9.572360e-01
28.080000;-9.510255e-01
28.090000;-9.759212e-01
28.100000;-9.955200e-01
28.110000;-9.649497e-01
28.120000;-9.312061e-01
28.130000;-9.513639e-01
28.140000;-9.879932e-01
28.150000;-9.919647e-01
28.160000;-9.787850e-01
28.170000;-9.837610e-01
28.180000;-9.439333e-01
28.190000;-8.755921e-01
28.200000;-8.608524e-01
28.210000;-8.564568e-01
28.220000;-8.440674e-01
28.230000;-8.642467e-01
28.240000;-9.097646e-01
28.250000;-9.093628e-01
28.260000;-8.778646e-01
28.270000;-8.651038e-01
28.280000;-8.473355e-01
28.290000;-8.208162e-01
28.300000;-7.804670e-01
28.310000;-7.644147e-01
28.320000;-7.818791e-01
28.330000;-8.060470e-01
28.340000;-8.153597e-01
28.350000;-7.688885e-01
28.360000;-6.856129e-01
28.370000;-5.837837e-01
28.380000;-3.811864e-01
28.390000;-1.675967e-01
28.400000;-4.142087e-02
28.410000;6.212917e-02
28.420000;1.002412e-01
28.430000;1.253135e-01
28.440000;1.945444e-01
28.450000;2.801093e-01
28.460000;3.301193e-01
28.470000;3.132702e-01
28.480000;2.373245e-01
28.490000;1.048048e-01
28.500000;5.916206e-02
28.510000;7.323309e-02
28.520000;1.270911e-01
28.530000;2.029428e-01
28.540000;2.784501e-01
28.550000;3.727249e-01
28.560000;4.966460e-01
28.570000;6.269070e-01
28.580000;7.254252e-01
28.590000;7.908710e-01
28.600000;8.492171e-01
28.610000;8.468757e-01
28.620000;8.046791e-01
28.630000;7.978083e-01
28.640000;8.109992e-01
28.650000;7.400225e-01
28.660000;6.735370e-01
28.670000;5.997059e-01
28.680000;4.474983e-01
28.690000;3.209725e-01
28.700000;3.225510e-01
28.710000;2.996303e-01
28.720000;3.067866e-01
28.730000;4.862132e-01
28.740000;6.625928e-01
28.750000;7.129782e-01
28.760000;7.909573e-01
28.770000;8.934164e-01
28.780000;9.451500e-01
28.790000;9.509190e-01
28.800000;9.789540e-01
28.810000;9.502647e-01
28.820000;9.392726e-01
28.830000;9.673989e-01
28.840000;9.251813e-01
28.850000;9.039760e-01
28.860000;8.269330e-01
28.870000;8.579866e-01
28.880000;8.159034e-01
28.890000;7.339906e-01
28.900000;5.779661e-01
28.910000;4.537749e-01
28.920000;4.213430e-01
28.930000;3.540507e-01
28.940000;2.384883e-01
28.950000;1.791846e-01
28.960000;1.987532e-01
28.970000;2.602406e-01
28.980000;3.264877e-01
28.990000;4.842693e-01
29.000000;6.967844e-01
29.010000;8.283247e-01
29.020000;9.272473e-01
29.030000;1.037723e+00
29.040000;1.081739e+00
29.050000;1.039468e+00
29.060000;1.057349e+00
29.070000;1.060395e+00
29.080000;1.034356e+00
29.090000;9.861305e-01
29.100000;9.546546e-01
29.110000;9.391736e-01
29.120000;9.129419e-01
29.130000;8.560565e-01
29.140000;7.733823e-01
29.150000;7.936956e-01
29.160000;9.406032e-01
29.170000;1.117330e+00
29.180000;1.249769e+00
29.190000;1.252890e+00
29.200000;1.227536e+00
29.210000;1.140008e+00
29.220000;1.059324e+00
29.230000;1.039238e+00
29.240000;9.959955e-01
29.250000;9.440123e-01
29.260000;9.071909e-01
29.270000;8.119494e-01
29.280000;6.597216e-01
29.290000;6.060802e-01
29.300000;6.455254e-01
29.310000;7.003645e-01
29.320000;7.670802e-01
29.330000;7.507741e-01
29.340000;6.836193e-01
29.350000;7.912824e-01
29.360000;1.068340e+00
29.370000;1.083024e+00
29.380000;9.942436e-01
29.390000;8.975892e-01
29.400000;8.941715e-01
29.410000;9.155343e-01
29.420000;9.541988e-01
29.430000;1.007169e+00
29.440000;1.025672e+00
29.450000;1.081064e+00
29.460000;1.062331e+00
29.470000;1.033198e+00
29.480000;9.452604e-01
29.490000;9.163230e-01
29.500000;9.604908e-01
29.510000;1.039853e+00
29.520000;1.049342e+00
29.530000;1.108294e+00
29.540000;1.157227e+00
29.550000;1.085498e+00
29.560000;1.026711e+00
29.570000;1.066260e+00
29.580000;1.001865e+00
29.590000;9.158244e-01
29.600000;8.419294e-01
29.610000;8.225835e-01
29.620000;8.576155e-01
29.630000;8.646219e-01
29.640000;9.301808e-01
29.650000;7.018346e-01
29.660000;5.389364e-01
29.670000;4.146358e-01
29.680000;4.653858e-01
29.690000;7.415406e-01
29.700000;9.685805e-01
29.710000;1.018996e+00
29.720000;1.066115e+00
29.730000;1.131392e+00
29.740000;1.124326e+00
29.750000;1.082141e+00
29.760000;1.025391e+00
29.770000;9.468405e-01
29.780000;8.634228e-01
29.790000;8.453225e-01
29.800000;8.703942e-01
29.810000;9.040802e-01
29.820000;9.152080e-01
29.830000;9.377840e-01
29.840000;9.845777e-01
29.850000;1.042892e+00
29.860000;1.055550e+00
29.870000;1.013531e+00
29.880000;9.618462e-01
29.890000;9.247847e-01
29.900000;9.271091e-01
29.910000;9.692804e-01
29.920000;1.032014e+00
29.930000;1.040541e+00
29.940000;1.006575e+00
29.950000;9.900469e-01
29.960000;9.868118e-01
29.970000;1.003759e+00
29.980000;1.022765e+00
29.990000;1.015036e+00
30.000000;9.778375e-01
30.010000;9.503186e-01
30.020000;9.412515e-01
30.030000;9.993326e-01
30.040000;1.161158e+00
30.050000;1.237679e+00
30.060000;1.158052e+00
30.070000;1.099078e+00
30.080000;1.089126e+00
30.090000;1.037751e+00
30.100000;1.008846e+00
30.110000;1.051381e+00
30.120000;1.091260e+00
30.130000;1.029109e+00
30.140000;1.097759e+00
30.150000;1.166429e+00
30.160000;1.058084e+00
30.170000;9.308086e-01
30.180000;8.887245e-01
30.190000;9.239129e-01
30.200000;9.394194e-01
30.210000;9.217566e-01
30.220000;8.738376e-01
30.230000;8.471654e-01
30.240000;8.290915e-01
30.250000;7.826003e-01
30.260000;9.170312e-01
30.270000;8.157172e-01
30.280000;7.676429e-01
30.290000;7.672610e-01
30.300000;7.221369e-01
30.310000;7.735109e-01
30.320000;8.545018e-01
30.330000;8.961686e-01
30.340000;9.467621e-01
30.350000;9.878829e-01
30.360000;9.075744e-01
30.370000;8.581353e-01
30.380000;8.996195e-01
30.390000;9.319969e-01
30.400000;9.879620e-01
30.410000;1.024592e+00
30.420000;1.007280e+00
30.430000;9.707876e-01
30.440000;9.292676e-01
30.450000;9.252939e-01
30.460000;9.253920e-01
30.470000;8.464746e-01
30.480000;7.698001e-01
30.490000;7.458256e-01
30.500000;7.300591e-01
30.510000;7.269229e-01
30.520000;7.450235e-01
30.530000;7.836168e-01
30.540000;8.327430e-01
30.550000;8.840923e-01
30.560000;9.207615e-01
30.570000;9.416022e-01
30.580000;9.480355e-01
30.590000;9.482482e-01
30.600000;8.762584e-01
30.610000;8.567941e-01
30.620000;9.400987e-01
30.630000;9.553262e-01
30.640000;9.501717e-01
30.650000;9.399303e-01
30.660000;9.713234e-01
30.670000;9.802313e-01
30.680000;9.227038e-01
30.690000;9.434103e-01
30.700000;9.079210e-01
30.710000;8.625568e-01
30.720000;9.132246e-01
30.730000;9.859816e-01
30.740000;9.831890e-01
30.750000;9.901401e-01
30.760000;9.823108e-01
30.770000;9.670175e-01
30.780000;9.986582e-01
30.790000;1.021737e+00
30.800000;1.007833e+00
30.810000;9.883631e-01
30.820000;1.013612e+00
30.830000;1.050303e+00
30.840000;1.066001e+00
30.850000;1.086297e+00
30.860000;1.108285e+00
30.870000;1.099456e+00
30.880000;1.067310e+00
30.890000;1.043465e+00
30.900000;1.016754e+00
30.910000;9.960281e-01
30.920000;9.915882e-01
30.930000;9.812602e-01
30.940000;1.009387e+00
30.950000;1.021696e+00
30.960000;9.996995e-01
30.970000;9.917322e-01
30.980000;9.656931e-01
30.990000;9.380749e-01
31.000000;9.368089e-01
31.010000;9.430397e-01
31.020000;9.314673e-01
31.030000;9.064692e-01
31.040000;8.414765e-01
31.050000;8.412556e-01
31.060000;8.905109e-01
31.070000;8.729348e-01
31.080000;7.982571e-01
31.090000;6.799116e-01
31.100000;5.989763e-01
31.110000;5.592259e-01
31.120000;5.795344e-01
31.130000;5.639217e-01
31.140000;5.323437e-01
31.150000;4.848998e-01
31.160000;4.862550e-01
31.170000;5.287674e-01
31.180000;5.389997e-01
31.190000;5.288774e-01
31.200000;5.310680e-01
31.210000;5.152888e-01
31.220000;4.761738e-01
31.230000;4.622722e-01
31.240000;4.526496e-01
31.250000;4.086635e-01
31.260000;3.494244e-01
31.270000;3.189631e-01
31.280000;3.036537e-01
31.290000;2.646444e-01
31.300000;1.854741e-01
31.310000;7.101951e-02
31.320000;-4.689660e-02
31.330000;-1.396751e-01
31.340000;-1.452806e-01
31.350000;-1.029275e-01
31.360000;-8.417764e-02
31.370000;-8.378082e-02
31.380000;-8.519369e-02
31.390000;-9.236860e-02
31.400000;-1.039333e-01
31.410000;-1.278135e-01
31.420000;-1.549894e-01
31.430000;-2.057168e-01
31.440000;-2.644928e-01
31.450000;-3.191748e-01
31.460000;-4.175434e-01
31.470000;-4.977718e-01
31.480000;-4.969995e-01
31.490000;-4.806132e-01
31.500000;-4.726737e-01
31.510000;-4.742196e-01
31.520000;-4.799135e-01
31.530000;-4.994411e-01
31.540000;-4.670731e-01
31.550000;-3.705234e-01
31.560000;-1.547184e-01
31.570000;2.596580e-01
31.580000;5.759239e-01
31.590000;6.614158e-01
31.600000;6.787124e-01
31.610000;7.029690e-01
31.620000;7.225638e-01
31.630000;7.615288e-01
31.640000;7.825031e-01
31.650000;7.656510e-01
31.660000;7.447946e-01
31.670000;7.398674e-01
31.680000;7.230434e-01
31.690000;6.968578e-01
31.700000;6.008313e-01
31.710000;4.800243e-01
31.720000;3.766869e-01
31.730000;2.911682e-01
31.740000;1.740740e-01
31.750000;1.165429e-01
31.760000;1.834040e-01
31.770000;2.967311e-01
31.780000;3.523310e-01
31.790000;3.742064e-01
31.800000;4.132316e-01
31.810000;4.472151e-01
31.820000;4.745799e-01
31.830000;5.200125e-01
31.840000;5.427935e-01
31.850000;5.382575e-01
31.860000;5.629294e-01
31.870000;5.660967e-01
31.880000;5.342394e-01
31.890000;4.983352e-01
31.900000;4.782516e-01
31.910000;5.170731e-01
31.920000;5.124435e-01
31.930000;4.807268e-01
31.940000;4.885227e-01
31.950000;5.587721e-01
31.960000;6.605759e-01
31.970000;6.820640e-01
31.980000;6.823889e-01
31.990000;6.689628e-01
32.000000;6.495034e-01
32.010000;6.386632e-01
32.020000;6.613516e-01
32.030000;6.621273e-01
32.040000;6.499171e-01
32.050000;6.574202e-01
32.060000;6.954637e-01
32.070000;7.070399e-01
32.080000;6.638409e-01
32.090000;7.267109e-01
32.100000;8.166929e-01
32.110000;8.672885e-01
32.120000;9.288579e-01
32.130000;9.993386e-01
32.140000;1.064038e+00
32.150000;1.084835e+00
32.160000;1.069299e+00
32.170000;1.043388e+00
32.180000;1.008187e+00
32.190000;9.728868e-01
32.200000;9.319709e-01
32.210000;9.140816e-01
32.220000;9.292436e-01
32.230000;9.338574e-01
32.240000;8.993595e-01
32.250000;8.663364e-01
32.260000;8.311665e-01
32.270000;8.618681e-01
32.280000;9.001585e-01
32.290000;9.111479e-01
32.300000;8.919870e-01
32.310000;8.660716e-01
32.320000;8.909546e-01
32.330000;9.353513e-01
32.340000;1.017165e+00
32.350000;1.058187e+00
32.360000;1.089464e+00
32.370000;1.015954e+00
32.380000;8.765950e-01
32.390000;7.778944e-01
32.400000;7.736049e-01
32.410000;8.283536e-01
32.420000;9.216966e-01
32.430000;8.973129e-01
32.440000;8.790199e-01
32.450000;8.666620e-01
32.460000;9.824009e-01
32.470000;9.974343e-01
32.480000;9.742357e-01
32.490000;1.011874e+00
32.500000;1.019361e+00
32.510000;1.007555e+00
32.520000;1.002091e+00
32.530000;9.834856e-01
32.540000;9.804227e-01
32.550000;9.822976e-01
32.560000;9.768450e-01
32.570000;9.420550e-01
32.580000;8.936419e-01
32.590000;8.633637e-01
32.600000;7.028272e-01
32.610000;6.414775e-01
32.620000;5.614626e-01
32.630000;5.049538e-01
32.640000;4.835995e-01
32.650000;4.373440e-01
32.660000;4.038087e-01
32.670000;3.693851e-01
32.680000;3.292439e-01
32.690000;2.309951e-01
32.700000;1.330934e-01
32.710000;5.542393e-02
32.720000;3.402274e-02
32.730000;7.015839e-02
32.740000;3.871951e-02
32.750000;4.599837e-04
32.760000;4.037889e-03
32.770000;1.404538e-02
32.780000;-1.158036e-02
32.790000;-9.145884e-02
32.800000;-1.985697e-01
32.810000;-2.917296e-01
32.820000;-3.294437e-01
32.830000;-2.965471e-01
32.840000;-4.025037e-02
32.850000;3.747432e-01
32.860000;6.739298e-01
32.870000;7.120278e-01
32.880000;6.352714e-01
32.890000;6.722341e-01
32.900000;7.070619e-01
32.910000;7.456419e-01
32.920000;7.568019e-01
32.930000;7.392073e-01
32.940000;7.647533e-01
32.950000;9.207915e-01
32.960000;1.031558e+00
32.970000;1.000213e+00
32.980000;1.000066e+00
32.990000;1.026019e+00
33.000000;1.072450e+00
33.010000;1.074393e+00
33.020000;1.020211e+00
33.030000;9.853352e-01
33.040000;9.708844e-01
33.050000;9.909393e-01
33.060000;1.024783e+00
33.070000;1.027221e+00
33.080000;1.059832e+00
33.090000;1.069693e+00
33.100000;1.012346e+00
33.110000;8.377713e-01
33.120000;7.250649e-01
33.130000;7.453094e-01
33.140000;6.743854e-01
33.150000;5.981145e-01
33.160000;5.759161e-01
33.170000;5.793546e-01
33.180000;6.000003e-01
33.190000;5.816946e-01
33.200000;5.599312e-01
33.210000;6.406164e-01
33.220000;8.085109e-01
33.230000;9.357851e-01
33.240000;8.789488e-01
33.250000;8.490825e-01
33.260000;8.917605e-01
33.270000;8.706364e-01
33.280000;7.955393e-01
33.290000;7.732206e-01
33.300000;7.636731e-01
33.310000;7.222028e-01
33.320000;6.774042e-01
33.330000;7.714775e-01
33.340000;8.866175e-01
33.350000;9.130098e-01
33.360000;8.970489e-01
33.370000;8.647242e-01
33.380000;9.576679e-01
33.390000;9.573764e-01
33.400000;8.973570e-01
33.410000;9.351164e-01
33.420000;1.068368e+00
33.430000;1.114818e+00
33.440000;1.060465e+00
33.450000;9.961526e-01
33.460000;9.826654e-01
33.470000;1.003140e+00
33.480000;1.013646e+00
33.490000;9.978483e-01
33.500000;9.851158e-01
33.510000;9.752003e-01
33.520000;9.297290e-01
33.530000;8.125905e-01
33.540000;7.189939e-01
33.550000;8.299397e-01
33.560000;8.567355e-01
33.570000;7.954439e-01
33.580000;7.841182e-01
33.590000;8.384341e-01
33.600000;9.328341e-01
33.610000;8.778923e-01
33.620000;8.380283e-01
33.630000;8.613934e-01
33.640000;9.177021e-01
33.650000;8.765042e-01
33.660000;8.868901e-01
33.670000;8.873291e-01
33.680000;7.564729e-01
33.690000;7.833611e-01
33.700000;7.399349e-01
33.710000;7.014631e-01
33.720000;7.594162e-01
33.730000;7.645615e-01
33.740000;7.157884e-01
33.750000;5.794162e-01
33.760000;3.775206e-01
33.770000;2.968597e-01
33.780000;6.068730e-01
33.790000;8.973765e-01
33.800000;9.572390e-01
33.810000;9.496071e-01
33.820000;9.365324e-01
33.830000;9.558813e-01
33.840000;1.039523e+00
33.850000;7.558938e-01
33.860000;6.133271e-01
33.870000;3.997480e-01
33.880000;3.931583e-01
33.890000;5.730925e-01
33.900000;6.640629e-01
33.910000;6.574492e-01
33.920000;6.149899e-01
33.930000;6.229105e-01
33.940000;6.357459e-01
33.950000;6.304483e-01
33.960000;6.169621e-01
33.970000;5.787395e-01
33.980000;5.158505e-01
33.990000;4.526545e-01
34.000000;4.399751e-01
34.010000;4.950441e-01
34.020000;4.764944e-01
34.030000;5.005317e-01
34.040000;5.546834e-01
34.050000;5.850859e-01
34.060000;5.712540e-01
34.070000;4.584594e-01
34.080000;4.596855e-01
34.090000;4.532893e-01
34.100000;3.385761e-01
34.110000;1.249155e-01
34.120000;-3.778360e-03
34.130000;2.931210e-01
34.140000;8.035035e-01
34.150000;1.009729e+00
34.160000;1.002334e+00
34.170000;8.885667e-01
34.180000;8.624743e-01
34.190000;9.140540e-01
34.200000;9.617377e-01
34.210000;9.455335e-01
34.220000;9.340538e-01
34.230000;9.744115e-01
34.240000;1.014848e+00
34.250000;9.959544e-01
34.260000;9.821156e-01
34.270000;9.662459e-01
34.280000;9.307631e-01
34.290000;9.185424e-01
34.300000;9.758858e-01
34.310000;1.065050e+00
34.320000;1.074687e+00
34.330000;1.048525e+00
34.340000;1.032272e+00
34.350000;1.032382e+00
34.360000;7.094318e-01
34.370000;2.695902e-01
34.380000;1.618753e-01
34.390000;2.283862e-01
34.400000;3.455649e-01
34.410000;3.672306e-01
34.420000;4.736009e-01
34.430000;6.483879e-01
34.440000;8.007773e-01
34.450000;8.395891e-01
34.460000;8.093711e-01
34.470000;7.798957e-01
34.480000;7.941328e-01
34.490000;7.814945e-01
34.500000;7.219822e-01
34.510000;6.440856e-01
34.520000;6.093374e-01
34.530000;5.589312e-01
34.540000;7.244288e-01
34.550000;8.370419e-01
34.560000;8.027484e-01
34.570000;7.443439e-01
34.580000;7.647141e-01
34.590000;8.613063e-01
34.600000;8.888229e-01
34.610000;8.808954e-01
34.620000;8.929495e-01
34.630000;9.000947e-01
34.640000;8.857977e-01
34.650000;8.266859e-01
34.660000;7.518674e-01
34.670000;7.148446e-01
34.680000;6.803593e-01
34.690000;6.409807e-01
34.700000;6.239526e-01
34.710000;6.086109e-01
34.720000;5.912960e-01
34.730000;5.936560e-01
34.740000;6.251699e-01
34.750000;6.348623e-01
34.760000;6.057587e-01
34.770000;5.942388e-01
34.780000;6.043311e-01
34.790000;6.395764e-01
34.800000;6.576400e-01
34.810000;6.330484e-01
34.820000;6.029346e-01
34.830000;5.705051e-01
34.840000;5.622322e-01
34.850000;5.379522e-01
34.860000;5.019380e-01
34.870000;5.022553e-01
34.880000;5.053492e-01
34.890000;5.373114e-01
34.900000;5.443891e-01
34.910000;5.483447e-01
34.920000;5.340409e-01
34.930000;4.886547e-01
34.940000;4.442681e-01
34.950000;4.118858e-01
34.960000;3.688383e-01
34.970000;3.236685e-01
34.980000;2.680740e-01
34.990000;2.154908e-01
35.000000;1.871697e-01
35.010000;5.421240e-01
35.020000;3.628027e-01
35.030000;4.586996e-01
35.040000;5.094178e-01
35.050000;4.827551e-01
35.060000;4.246275e-01
35.070000;3.779101e-01
35.080000;3.319455e-01
35.090000;2.857145e-01
35.100000;2.595261e-01
35.110000;2.050696e-01
35.120000;1.486931e-01
35.130000;6.075333e-02
35.140000;-6.185862e-02
35.150000;-1.366078e-01
35.160000;-1.571551e-01
35.170000;-1.766399e-01
35.180000;-1.886841e-01
35.190000;-1.721961e-01
35.200000;-1.291425e-01
35.210000;-1.070946e-01
35.220000;-9.365199e-02
35.230000;-9.292966e-02
35.240000;-9.302262e-02
35.250000;-3.835965e-02
35.260000;6.478570e-02
35.270000;1.206091e-01
35.280000;1.152473e-01
35.290000;5.750075e-02
35.300000;6.239664e-02
35.310000;9.319703e-02
35.320000;1.039797e-01
35.330000;1.425998e-01
35.340000;2.051845e-01
35.350000;2.684067e-01
35.360000;2.844195e-01
35.370000;1.768777e-01
35.380000;1.283796e-01
35.390000;8.215896e-02
35.400000;2.564864e-02
35.410000;7.751885e-02
35.420000;8.434001e-02
35.430000;-3.833880e-02
35.440000;-2.296122e-01
35.450000;-1.928221e-01
35.460000;-1.988405e-01
35.470000;-3.589384e-01
35.480000;-4.696990e-01
35.490000;-5.139197e-01
35.500000;-4.412333e-01
35.510000;-4.047673e-01
35.520000;-4.170834e-01
35.530000;-4.975283e-01
35.540000;-6.218895e-01
35.550000;-7.369550e-01
35.560000;-7.788672e-01
35.570000;-6.909200e-01
35.580000;-6.130582e-01
35.590000;-6.158530e-01
35.600000;-5.374082e-01
35.610000;-3.196585e-01
35.620000;1.436466e-01
35.630000;5.428096e-01
35.640000;7.268388e-01
35.650000;7.697975e-01
35.660000;7.752361e-01
35.670000;8.213919e-01
35.680000;9.037140e-01
35.690000;9.938037e-01
35.700000;1.038433e+00
35.710000;1.012042e+00
35.720000;9.946159e-01
35.730000;9.933033e-01
35.740000;9.774020e-01
35.750000;9.367306e-01
35.760000;9.017096e-01
35.770000;9.203267e-01
35.780000;9.754958e-01
35.790000;1.010016e+00
35.800000;1.033533e+00
35.810000;1.080550e+00
35.820000;1.105859e+00
35.830000;1.173337e+00
35.840000;1.165544e+00
35.850000;1.080856e+00
35.860000;1.071054e+00
35.870000;1.080088e+00
35.880000;1.051354e+00
35.890000;9.689462e-01
35.900000;9.259641e-01
35.910000;8.711010e-01
35.920000;7.853572e-01
35.930000;6.603633e-01
35.940000;5.550441e-01
35.950000;8.750001e-01
35.960000;8.496922e-01
35.970000;4.803129e-01
35.980000;4.820432e-01
35.990000;5.031680e-01
36.000000;4.801276e-01
36.010000;5.895870e-01
36.020000;8.208902e-01
36.030000;9.095689e-01
36.040000;9.447440e-01
36.050000;9.627187e-01
36.060000;9.410505e-01
36.070000;9.329551e-01
36.080000;9.299130e-01
36.090000;9.061654e-01
36.100000;9.181541e-01
36.110000;9.112438e-01
36.120000;9.343094e-01
36.130000;9.155685e-01
36.140000;9.546096e-01
36.150000;8.506438e-01
36.160000;7.829070e-01
36.170000;1.094911e+00
36.180000;1.166662e+00
36.190000;1.255192e+00
36.200000;1.395243e+00
36.210000;1.428013e+00
36.220000;1.228830e+00
36.230000;1.204992e+00
36.240000;1.269202e+00
36.250000;1.203774e+00
36.260000;1.166300e+00
36.270000;1.179955e+00
36.280000;1.188874e+00
36.290000;1.171252e+00
36.300000;1.200403e+00
36.310000;1.213905e+00
36.320000;1.180736e+00
36.330000;1.111037e+00
36.340000;6.975194e-01
36.350000;7.942545e-01
36.360000;8.616104e-01
36.370000;9.401460e-01
36.380000;9.903153e-01
36.390000;1.009651e+00
36.400000;1.105972e+00
36.410000;1.135832e+00
36.420000;1.082701e+00
36.430000;1.002462e+00
36.440000;9.425634e-01
36.450000;1.250703e+00
36.460000;1.298719e+00
36.470000;1.310641e+00
36.480000;1.269567e+00
36.490000;1.234152e+00
36.500000;1.241868e+00
36.510000;1.257027e+00
36.520000;1.256210e+00
36.530000;1.241109e+00
36.540000;1.254039e+00
36.550000;1.278731e+00
36.560000;1.305174e+00
36.570000;1.344540e+00
36.580000;1.366541e+00
36.590000;1.395597e+00
36.600000;1.404175e+00
36.610000;1.405506e+00
36.620000;1.418524e+00
36.630000;1.434636e+00
36.640000;1.422642e+00
36.650000;1.393675e+00
36.660000;1.363217e+00
36.670000;1.348907e+00
36.680000;1.348167e+00
36.690000;1.347822e+00
36.700000;1.356906e+00
36.710000;1.394987e+00
36.720000;1.403829e+00
36.730000;1.382982e+00
36.740000;1.392409e+00
36.750000;1.401214e+00
36.760000;1.399918e+00
36.770000;1.337317e+00
36.780000;1.171821e+00
36.790000;1.190198e+00
36.800000;1.265908e+00
36.810000;1.245267e+00
36.820000;1.212370e+00
36.830000;1.211974e+00
36.840000;1.224533e+00
36.850000;1.195025e+00
36.860000;1.173010e+00
36.870000;1.346186e+00
36.880000;1.454510e+00
36.890000;1.471727e+00
36.900000;1.556445e+00
36.910000;1.658776e+00
36.920000;1.636245e+00
36.930000;1.596861e+00
36.940000;1.459105e+00
36.950000;1.185824e+00
36.960000;1.074671e+00
36.970000;1.028618e+00
36.980000;9.553367e-01
36.990000;8.584771e-01
37.000000;8.324317e-01
37.010000;8.237107e-01
37.020000;8.611412e-01
37.030000;9.315133e-01
37.040000;1.043735e+00
37.050000;1.157622e+00
37.060000;1.148333e+00
37.070000;1.107433e+00
37.080000;1.144709e+00
37.090000;1.188514e+00
37.100000;1.198289e+00
37.110000;1.198048e+00
37.120000;1.211821e+00
37.130000;1.217449e+00
37.140000;1.222448e+00
37.150000;1.206661e+00
37.160000;1.189552e+00
37.170000;1.161203e+00
37.180000;1.107218e+00
37.190000;1.061682e+00
37.200000;1.065519e+00
37.210000;1.109907e+00
37.220000;1.149366e+00
37.230000;1.155051e+00
37.240000;1.141838e+00
37.250000;1.132763e+00
37.260000;1.128046e+00
37.270000;1.142576e+00
37.280000;1.165074e+00
37.290000;1.162119e+00
37.300000;1.175641e+00
37.310000;1.223179e+00
37.320000;1.269827e+00
37.330000;1.319322e+00
37.340000;1.338652e+00
37.350000;1.349510e+00
37.360000;1.347528e+00
37.370000;1.326000e+00
37.380000;1.286404e+00
37.390000;1.242203e+00
37.400000;1.207712e+00
37.410000;1.212984e+00
37.420000;1.227267e+00
37.430000;1.182597e+00
37.440000;1.084299e+00
37.450000;1.022087e+00
37.460000;1.044423e+00
37.470000;9.684421e-01
37.480000;7.703434e-01
37.490000;5.552348e-01
37.500000;3.197887e-01
37.510000;1.957590e-01
37.520000;2.255655e-01
37.530000;4.990291e-01
37.540000;9.034470e-01
37.550000;1.114417e+00
37.560000;1.258197e+00
37.570000;1.282789e+00
37.580000;1.302482e+00
37.590000;1.339108e+00
37.600000;1.365078e+00
37.610000;1.338905e+00
37.620000;1.290562e+00
37.630000;1.299820e+00
37.640000;1.321141e+00
37.650000;1.349682e+00
37.660000;1.365621e+00
37.670000;1.418252e+00
37.680000;1.433835e+00
37.690000;1.333139e+00
37.700000;1.020387e+00
37.710000;5.976645e-01
37.720000;6.133937e-01
37.730000;6.943938e-01
37.740000;7.503431e-01
37.750000;8.016230e-01
37.760000;7.516658e-01
37.770000;9.334825e-01
37.780000;1.014694e+00
37.790000;9.642532e-01
37.800000;1.010702e+00
37.810000;1.064202e+00
37.820000;1.065161e+00
37.830000;1.014130e+00
37.840000;1.176324e+00
37.850000;1.230815e+00
37.860000;1.216831e+00
37.870000;1.170207e+00
37.880000;1.304242e+00
37.890000;1.447277e+00
37.900000;1.476948e+00
37.910000;1.358892e+00
37.920000;1.264393e+00
37.930000;1.254862e+00
37.940000;1.274879e+00
37.950000;1.273429e+00
37.960000;1.262697e+00
37.970000;1.252025e+00
37.980000;1.220857e+00
37.990000;1.234072e+00
38.000000;1.297984e+00
38.010000;1.348591e+00
38.020000;1.334816e+00
38.030000;1.356740e+00
38.040000;1.337592e+00
38.050000;1.312144e+00
38.060000;1.280348e+00
38.070000;1.269164e+00
38.080000;1.320995e+00
38.090000;1.463788e+00
38.100000;1.479311e+00
38.110000;1.433245e+00
38.120000;1.495582e+00
38.130000;1.485257e+00
38.140000;1.418345e+00
38.150000;1.372500e+00
38.160000;1.000200e+00
38.170000;8.852551e-01
38.180000;1.178910e+00
38.190000;9.058740e-01
38.200000;7.857518e-01
38.210000;6.510638e-01
38.220000;5.832507e-01
38.230000;5.965790e-01
38.240000;5.908427e-01
38.250000;5.684784e-01
38.260000;1.825721e-01
38.270000;2.467825e-01
38.280000;3.135316e-01
38.290000;4.184096e-01
38.300000;5.669441e-01
38.310000;6.251898e-01
38.320000;6.808050e-01
38.330000;7.216978e-01
38.340000;7.647721e-01
38.350000;7.899387e-01
38.360000;8.146222e-01
38.370000;7.861667e-01
38.380000;7.856022e-01
38.390000;1.102382e+00
38.400000;1.089891e+00
38.410000;8.100656e-01
38.420000;8.679402e-01
38.430000;8.763540e-01
38.440000;8.066556e-01
38.450000;1.122326e+00
38.460000;1.168446e+00
38.470000;1.255172e+00
38.480000;1.338083e+00
38.490000;1.417241e+00
38.500000;1.372821e+00
38.510000;1.190764e+00
38.520000;1.114661e+00
38.530000;1.058333e+00
38.540000;9.687464e-01
38.550000;8.239521e-01
38.560000;8.295483e-01
38.570000;9.543124e-01
38.580000;1.030122e+00
38.590000;1.022461e+00
38.600000;9.347236e-01
38.610000;9.652679e-01
38.620000;1.059795e+00
38.630000;1.123577e+00
38.640000;1.210262e+00
38.650000;1.180254e+00
38.660000;1.141810e+00
38.670000;1.165944e+00
38.680000;1.223359e+00
38.690000;1.282080e+00
38.700000;1.357739e+00
38.710000;1.437505e+00
38.720000;1.428660e+00
38.730000;1.388310e+00
38.740000;1.340382e+00
38.750000;1.261469e+00
38.760000;1.272452e+00
38.770000;1.239317e+00
38.780000;9.809699e-01
38.790000;7.545082e-01
38.800000;8.425227e-01
38.810000;9.636031e-01
38.820000;1.002549e+00
38.830000;1.039372e+00
38.840000;1.070264e+00
38.850000;1.143015e+00
38.860000;1.286830e+00
38.870000;1.406463e+00
38.880000;1.429767e+00
38.890000;1.390349e+00
38.900000;1.300717e+00
38.910000;1.315908e+00
38.920000;1.345915e+00
38.930000;1.306785e+00
38.940000;1.211095e+00
38.950000;1.167175e+00
38.960000;1.079828e+00
38.970000;1.074284e+00
38.980000;1.117210e+00
38.990000;1.206617e+00
39.000000;1.245747e+00
39.010000;1.381637e+00
39.020000;1.531469e+00
39.030000;1.484312e+00
39.040000;1.436420e+00
39.050000;1.423311e+00
39.060000;1.393287e+00
39.070000;1.358321e+00
39.080000;1.346082e+00
39.090000;1.326792e+00
39.100000;1.296121e+00
39.110000;1.289666e+00
39.120000;1.280105e+00
39.130000;1.276408e+00
39.140000;1.281580e+00
39.150000;1.266723e+00
39.160000;1.285751e+00
39.170000;1.339152e+00
39.180000;1.395383e+00
39.190000;1.427638e+00
39.200000;1.465973e+00
39.210000;1.480255e+00
39.220000;1.457429e+00
39.230000;1.382604e+00
39.240000;1.332186e+00
39.250000;1.346553e+00
39.260000;1.382560e+00
39.270000;1.384186e+00
39.280000;1.339639e+00
39.290000;1.337284e+00
39.300000;1.258944e+00
39.310000;1.101149e+00
39.320000;1.045014e+00
39.330000;1.014114e+00
39.340000;9.795046e-01
39.350000;9.069124e-01
39.360000;8.443933e-01
39.370000;8.966836e-01
39.380000;1.055305e+00
39.390000;1.191684e+00
39.400000;1.278854e+00
39.410000;1.285869e+00
39.420000;1.228922e+00
39.430000;1.180416e+00
39.440000;1.231683e+00
39.450000;1.340131e+00
39.460000;1.394154e+00
39.470000;1.400437e+00
39.480000;1.369666e+00
39.490000;1.326153e+00
39.500000;1.295134e+00
39.510000;1.250162e+00
39.520000;1.281262e+00
39.530000;1.360559e+00
39.540000;1.404259e+00
39.550000;1.468113e+00
39.560000;1.475410e+00
39.570000;1.314691e+00
39.580000;1.058903e+00
39.590000;8.800431e-01
39.600000;6.921179e-01
39.610000;5.924765e-01
39.620000;5.118608e-01
39.630000;4.441360e-01
39.640000;3.433044e-01
39.650000;2.768120e-01
39.660000;2.934822e-01
39.670000;3.212623e-01
39.680000;3.480569e-01
39.690000;3.602614e-01
39.700000;2.938279e-01
39.710000;1.807018e-01
39.720000;6.646942e-02
39.730000;1.506342e-02
39.740000;3.931123e-03
39.750000;6.698318e-02
39.760000;1.692924e-01
39.770000;1.968280e-01
39.780000;1.985175e-01
39.790000;1.892349e-01
39.800000;1.593892e-01
39.810000;5.184897e-02
39.820000;-8.457063e-02
39.830000;-1.443585e-01
39.840000;-1.522752e-01
39.850000;-1.399942e-01
39.860000;-1.517851e-01
39.870000;-1.903270e-01
39.880000;-2.776250e-01
39.890000;-3.550709e-01
39.900000;-3.974119e-01
39.910000;-3.794454e-01
39.920000;-6.654937e-01
39.930000;-2.838304e-01
39.940000;-7.543243e-01
39.950000;-7.488480e-01
39.960000;-7.186368e-01
39.970000;-6.744134e-01
39.980000;-6.440726e-01
39.990000;-6.065868e-01
40.000000;-5.305469e-01
40.010000;-4.356038e-01
40.020000;-3.464160e-01
40.030000;6.084480e-02
40.040000;3.682460e-02
40.050000;-7.949041e-03
40.060000;-5.551225e-02
40.070000;-4.572217e-01
40.080000;-4.828273e-01
40.090000;-5.593271e-01
40.100000;-6.219147e-01
40.110000;-6.189356e-01
40.120000;-2.094174e-01
40.130000;-2.145428e-01
40.140000;-6.213678e-01
40.150000;-6.001765e-01
40.160000;-5.721057e-01
40.170000;-5.654872e-01
40.180000;-6.134731e-01
40.190000;-7.173053e-01
40.200000;-7.798491e-01
40.210000;-7.968459e-01
40.220000;-8.100389e-01
40.230000;-7.630076e-01
40.240000;-6.933179e-01
40.250000;-3.213854e-01
40.260000;-3.696451e-01
40.270000;-4.070771e-01
40.280000;-4.171630e-01
40.290000;-3.937721e-01
40.300000;-7.293289e-01
40.310000;-3.145684e-01
40.320000;-6.446488e-01
40.330000;-6.126028e-01
40.340000;-6.828543e-01
40.350000;-7.930439e-01
40.360000;-8.619578e-01
40.370000;-8.721400e-01
40.380000;-8.759096e-01
40.390000;-5.458335e-01
40.400000;-5.878825e-01
40.410000;-5.749446e-01
40.420000;-5.423567e-01
40.430000;-5.218382e-01
40.440000;-5.112502e-01
40.450000;-4.815263e-01
40.460000;-4.413776e-01
40.470000;-4.743657e-01
40.480000;-9.028945e-01
40.490000;-9.533889e-01
40.500000;-9.655252e-01
40.510000;-9.591587e-01
40.520000;-9.271677e-01
40.530000;-9.038291e-01
40.540000;-9.248520e-01
40.550000;-9.149063e-01
40.560000;-8.699355e-01
40.570000;-8.318392e-01
40.580000;-8.336577e-01
40.590000;-5.270655e-01
40.600000;-5.685886e-01
40.610000;-5.007284e-01
40.620000;-4.199389e-01
40.630000;-4.031980e-01
40.640000;-4.412160e-01
40.650000;-5.127802e-01
40.660000;-9.034309e-01
40.670000;-8.928661e-01
40.680000;-5.520696e-01
40.690000;-5.883152e-01
40.700000;-5.889570e-01
40.710000;-5.581982e-01
40.720000;-5.279511e-01
40.730000;-4.459197e-01
40.740000;-3.490189e-01
40.750000;-3.524412e-01
40.760000;-4.755564e-01
40.770000;-5.765565e-01
40.780000;-6.010875e-01
40.790000;-8.816227e-01
40.800000;-4.742287e-01
40.810000;-5.497385e-01
40.820000;-5.980985e-01
40.830000;-5.702538e-01
40.840000;-5.621343e-01
40.850000;-5.556631e-01
40.860000;-4.792805e-01
40.870000;-4.759030e-01
40.880000;-5.188237e-01
40.890000;-5.575075e-01
40.900000;-5.409822e-01
40.910000;-5.469135e-01
40.920000;-9.052173e-01
40.930000;-9.203714e-01
40.940000;-9.492313e-01
40.950000;-9.964433e-01
40.960000;-6.838840e-01
40.970000;-7.532769e-01
40.980000;-7.666947e-01
40.990000;-7.874979e-01
41.000000;-8.210230e-01
41.010000;-8.298730e-01
41.020000;-7.960454e-01
41.030000;-6.998746e-01
41.040000;-6.551726e-01
41.050000;-1.052599e+00
41.060000;-6.595674e-01
41.070000;-6.948274e-01
